{"links": [{"source": 4, "target": 298}, {"source": 7, "target": 420}, {"source": 7, "target": 923}, {"source": 7, "target": 1490}, {"source": 14, "target": 1753}, {"source": 41, "target": 161}, {"source": 41, "target": 245}, {"source": 41, "target": 376}, {"source": 41, "target": 511}, {"source": 41, "target": 909}, {"source": 41, "target": 1026}, {"source": 41, "target": 1205}, {"source": 41, "target": 1305}, {"source": 41, "target": 1563}, {"source": 43, "target": 944}, {"source": 43, "target": 1149}, {"source": 45, "target": 648}, {"source": 45, "target": 827}, {"source": 45, "target": 914}, {"source": 45, "target": 1203}, {"source": 45, "target": 1533}, {"source": 45, "target": 1733}, {"source": 47, "target": 676}, {"source": 55, "target": 1394}, {"source": 61, "target": 245}, {"source": 61, "target": 538}, {"source": 63, "target": 1108}, {"source": 70, "target": 1461}, {"source": 89, "target": 1671}, {"source": 90, "target": 245}, {"source": 90, "target": 446}, {"source": 100, "target": 131}, {"source": 100, "target": 233}, {"source": 100, "target": 670}, {"source": 100, "target": 990}, {"source": 100, "target": 1684}, {"source": 106, "target": 205}, {"source": 106, "target": 1682}, {"source": 119, "target": 1441}, {"source": 119, "target": 1565}, {"source": 119, "target": 1641}, {"source": 129, "target": 337}, {"source": 129, "target": 743}, {"source": 130, "target": 378}, {"source": 130, "target": 1049}, {"source": 130, "target": 1177}, {"source": 131, "target": 494}, {"source": 131, "target": 670}, {"source": 131, "target": 814}, {"source": 131, "target": 840}, {"source": 131, "target": 1128}, {"source": 131, "target": 1370}, {"source": 131, "target": 1684}, {"source": 137, "target": 1674}, {"source": 138, "target": 142}, {"source": 138, "target": 229}, {"source": 138, "target": 263}, {"source": 138, "target": 281}, {"source": 138, "target": 668}, {"source": 138, "target": 743}, {"source": 138, "target": 1214}, {"source": 138, "target": 1394}, {"source": 138, "target": 1472}, {"source": 138, "target": 1659}, {"source": 138, "target": 1691}, {"source": 138, "target": 1734}, {"source": 141, "target": 446}, {"source": 141, "target": 1753}, {"source": 142, "target": 281}, {"source": 142, "target": 743}, {"source": 142, "target": 842}, {"source": 142, "target": 874}, {"source": 142, "target": 918}, {"source": 142, "target": 1080}, {"source": 142, "target": 1394}, {"source": 142, "target": 1659}, {"source": 142, "target": 1691}, {"source": 142, "target": 1788}, {"source": 143, "target": 254}, {"source": 143, "target": 368}, {"source": 143, "target": 382}, {"source": 143, "target": 455}, {"source": 143, "target": 575}, {"source": 143, "target": 595}, {"source": 143, "target": 616}, {"source": 143, "target": 662}, {"source": 143, "target": 795}, {"source": 143, "target": 807}, {"source": 143, "target": 845}, {"source": 143, "target": 893}, {"source": 143, "target": 1394}, {"source": 143, "target": 1691}, {"source": 143, "target": 1788}, {"source": 148, "target": 323}, {"source": 161, "target": 245}, {"source": 161, "target": 629}, {"source": 161, "target": 1026}, {"source": 161, "target": 1205}, {"source": 161, "target": 1285}, {"source": 161, "target": 1517}, {"source": 161, "target": 1658}, {"source": 161, "target": 1747}, {"source": 169, "target": 789}, {"source": 187, "target": 528}, {"source": 214, "target": 1405}, {"source": 220, "target": 806}, {"source": 229, "target": 281}, {"source": 229, "target": 353}, {"source": 229, "target": 616}, {"source": 229, "target": 668}, {"source": 229, "target": 1691}, {"source": 233, "target": 620}, {"source": 233, "target": 874}, {"source": 233, "target": 990}, {"source": 233, "target": 1154}, {"source": 233, "target": 1684}, {"source": 242, "target": 430}, {"source": 242, "target": 591}, {"source": 242, "target": 766}, {"source": 242, "target": 1217}, {"source": 242, "target": 1312}, {"source": 242, "target": 1394}, {"source": 244, "target": 1310}, {"source": 245, "target": 446}, {"source": 245, "target": 514}, {"source": 245, "target": 538}, {"source": 245, "target": 909}, {"source": 245, "target": 996}, {"source": 245, "target": 1205}, {"source": 245, "target": 1249}, {"source": 245, "target": 1441}, {"source": 245, "target": 1735}, {"source": 245, "target": 1753}, {"source": 247, "target": 569}, {"source": 249, "target": 889}, {"source": 260, "target": 1680}, {"source": 263, "target": 281}, {"source": 263, "target": 337}, {"source": 263, "target": 351}, {"source": 263, "target": 368}, {"source": 263, "target": 724}, {"source": 263, "target": 743}, {"source": 263, "target": 900}, {"source": 263, "target": 976}, {"source": 263, "target": 1214}, {"source": 263, "target": 1350}, {"source": 263, "target": 1394}, {"source": 263, "target": 1659}, {"source": 263, "target": 1691}, {"source": 270, "target": 1455}, {"source": 281, "target": 368}, {"source": 281, "target": 469}, {"source": 281, "target": 616}, {"source": 281, "target": 668}, {"source": 281, "target": 743}, {"source": 281, "target": 869}, {"source": 281, "target": 990}, {"source": 281, "target": 1267}, {"source": 281, "target": 1394}, {"source": 281, "target": 1472}, {"source": 281, "target": 1611}, {"source": 281, "target": 1657}, {"source": 281, "target": 1659}, {"source": 281, "target": 1691}, {"source": 282, "target": 1285}, {"source": 284, "target": 391}, {"source": 288, "target": 1663}, {"source": 292, "target": 991}, {"source": 299, "target": 1641}, {"source": 301, "target": 716}, {"source": 302, "target": 1728}, {"source": 306, "target": 1340}, {"source": 308, "target": 1524}, {"source": 314, "target": 439}, {"source": 316, "target": 696}, {"source": 316, "target": 792}, {"source": 316, "target": 1078}, {"source": 316, "target": 1097}, {"source": 316, "target": 1204}, {"source": 318, "target": 608}, {"source": 318, "target": 743}, {"source": 318, "target": 976}, {"source": 328, "target": 1173}, {"source": 328, "target": 1324}, {"source": 331, "target": 1029}, {"source": 337, "target": 743}, {"source": 337, "target": 1394}, {"source": 337, "target": 1691}, {"source": 340, "target": 1619}, {"source": 341, "target": 567}, {"source": 345, "target": 735}, {"source": 347, "target": 936}, {"source": 351, "target": 1350}, {"source": 351, "target": 1394}, {"source": 358, "target": 757}, {"source": 358, "target": 1780}, {"source": 363, "target": 1707}, {"source": 365, "target": 918}, {"source": 365, "target": 976}, {"source": 365, "target": 1394}, {"source": 368, "target": 382}, {"source": 368, "target": 743}, {"source": 368, "target": 778}, {"source": 368, "target": 869}, {"source": 368, "target": 1403}, {"source": 368, "target": 1472}, {"source": 368, "target": 1657}, {"source": 368, "target": 1659}, {"source": 368, "target": 1691}, {"source": 371, "target": 545}, {"source": 371, "target": 1643}, {"source": 373, "target": 696}, {"source": 373, "target": 1078}, {"source": 376, "target": 565}, {"source": 376, "target": 909}, {"source": 376, "target": 919}, {"source": 376, "target": 1179}, {"source": 376, "target": 1205}, {"source": 376, "target": 1488}, {"source": 376, "target": 1707}, {"source": 376, "target": 1735}, {"source": 381, "target": 510}, {"source": 381, "target": 1032}, {"source": 382, "target": 1394}, {"source": 382, "target": 1691}, {"source": 383, "target": 1128}, {"source": 383, "target": 1433}, {"source": 387, "target": 1075}, {"source": 389, "target": 1364}, {"source": 399, "target": 1473}, {"source": 413, "target": 434}, {"source": 420, "target": 923}, {"source": 420, "target": 1059}, {"source": 420, "target": 1130}, {"source": 420, "target": 1686}, {"source": 425, "target": 1055}, {"source": 440, "target": 1657}, {"source": 440, "target": 1659}, {"source": 442, "target": 513}, {"source": 446, "target": 1249}, {"source": 446, "target": 1753}, {"source": 453, "target": 1190}, {"source": 476, "target": 711}, {"source": 494, "target": 670}, {"source": 494, "target": 1611}, {"source": 494, "target": 1643}, {"source": 502, "target": 1065}, {"source": 510, "target": 1433}, {"source": 511, "target": 1517}, {"source": 512, "target": 1163}, {"source": 512, "target": 1535}, {"source": 512, "target": 1653}, {"source": 514, "target": 649}, {"source": 514, "target": 820}, {"source": 514, "target": 996}, {"source": 514, "target": 1249}, {"source": 514, "target": 1441}, {"source": 519, "target": 823}, {"source": 534, "target": 723}, {"source": 534, "target": 1293}, {"source": 535, "target": 698}, {"source": 536, "target": 1534}, {"source": 542, "target": 1226}, {"source": 545, "target": 1643}, {"source": 546, "target": 1603}, {"source": 546, "target": 1715}, {"source": 550, "target": 1256}, {"source": 550, "target": 1258}, {"source": 554, "target": 967}, {"source": 555, "target": 683}, {"source": 558, "target": 559}, {"source": 558, "target": 1032}, {"source": 558, "target": 1611}, {"source": 559, "target": 1032}, {"source": 559, "target": 1534}, {"source": 565, "target": 909}, {"source": 572, "target": 631}, {"source": 575, "target": 595}, {"source": 575, "target": 845}, {"source": 575, "target": 906}, {"source": 575, "target": 1691}, {"source": 575, "target": 1788}, {"source": 583, "target": 1032}, {"source": 591, "target": 987}, {"source": 591, "target": 1217}, {"source": 595, "target": 662}, {"source": 595, "target": 807}, {"source": 595, "target": 845}, {"source": 595, "target": 848}, {"source": 595, "target": 893}, {"source": 595, "target": 1691}, {"source": 605, "target": 1744}, {"source": 605, "target": 1752}, {"source": 608, "target": 743}, {"source": 608, "target": 766}, {"source": 608, "target": 976}, {"source": 608, "target": 1394}, {"source": 608, "target": 1405}, {"source": 608, "target": 1410}, {"source": 608, "target": 1643}, {"source": 609, "target": 990}, {"source": 616, "target": 724}, {"source": 616, "target": 814}, {"source": 616, "target": 874}, {"source": 616, "target": 907}, {"source": 616, "target": 918}, {"source": 616, "target": 990}, {"source": 616, "target": 1394}, {"source": 616, "target": 1653}, {"source": 616, "target": 1788}, {"source": 620, "target": 842}, {"source": 620, "target": 874}, {"source": 620, "target": 976}, {"source": 620, "target": 1394}, {"source": 629, "target": 919}, {"source": 629, "target": 996}, {"source": 629, "target": 1707}, {"source": 632, "target": 1665}, {"source": 637, "target": 765}, {"source": 644, "target": 990}, {"source": 644, "target": 1659}, {"source": 648, "target": 827}, {"source": 648, "target": 1533}, {"source": 648, "target": 1733}, {"source": 649, "target": 820}, {"source": 649, "target": 996}, {"source": 649, "target": 1249}, {"source": 651, "target": 1696}, {"source": 655, "target": 1054}, {"source": 662, "target": 845}, {"source": 662, "target": 1021}, {"source": 665, "target": 941}, {"source": 668, "target": 1297}, {"source": 668, "target": 1691}, {"source": 670, "target": 814}, {"source": 670, "target": 840}, {"source": 670, "target": 1128}, {"source": 670, "target": 1370}, {"source": 670, "target": 1684}, {"source": 681, "target": 1361}, {"source": 696, "target": 1078}, {"source": 696, "target": 1097}, {"source": 723, "target": 1293}, {"source": 724, "target": 848}, {"source": 724, "target": 1161}, {"source": 725, "target": 1340}, {"source": 733, "target": 990}, {"source": 733, "target": 1699}, {"source": 734, "target": 743}, {"source": 734, "target": 1394}, {"source": 734, "target": 1545}, {"source": 743, "target": 766}, {"source": 743, "target": 767}, {"source": 743, "target": 869}, {"source": 743, "target": 990}, {"source": 743, "target": 1214}, {"source": 743, "target": 1394}, {"source": 743, "target": 1657}, {"source": 743, "target": 1659}, {"source": 743, "target": 1691}, {"source": 748, "target": 1405}, {"source": 748, "target": 1707}, {"source": 757, "target": 923}, {"source": 761, "target": 1015}, {"source": 766, "target": 976}, {"source": 766, "target": 1214}, {"source": 766, "target": 1217}, {"source": 766, "target": 1394}, {"source": 778, "target": 1267}, {"source": 778, "target": 1403}, {"source": 778, "target": 1691}, {"source": 792, "target": 1204}, {"source": 807, "target": 845}, {"source": 807, "target": 918}, {"source": 814, "target": 990}, {"source": 814, "target": 1128}, {"source": 816, "target": 958}, {"source": 817, "target": 1285}, {"source": 820, "target": 1658}, {"source": 821, "target": 1394}, {"source": 825, "target": 1722}, {"source": 826, "target": 1289}, {"source": 827, "target": 914}, {"source": 827, "target": 1203}, {"source": 827, "target": 1533}, {"source": 827, "target": 1733}, {"source": 842, "target": 1788}, {"source": 845, "target": 848}, {"source": 845, "target": 893}, {"source": 845, "target": 1691}, {"source": 848, "target": 893}, {"source": 858, "target": 1567}, {"source": 867, "target": 1014}, {"source": 867, "target": 1054}, {"source": 867, "target": 1647}, {"source": 870, "target": 1769}, {"source": 874, "target": 907}, {"source": 874, "target": 918}, {"source": 874, "target": 990}, {"source": 874, "target": 1394}, {"source": 893, "target": 1694}, {"source": 897, "target": 1284}, {"source": 905, "target": 1144}, {"source": 906, "target": 1788}, {"source": 907, "target": 976}, {"source": 907, "target": 990}, {"source": 907, "target": 1394}, {"source": 907, "target": 1788}, {"source": 909, "target": 919}, {"source": 909, "target": 996}, {"source": 909, "target": 1179}, {"source": 909, "target": 1205}, {"source": 909, "target": 1488}, {"source": 909, "target": 1707}, {"source": 909, "target": 1735}, {"source": 912, "target": 1054}, {"source": 914, "target": 1203}, {"source": 914, "target": 1533}, {"source": 914, "target": 1733}, {"source": 918, "target": 1394}, {"source": 918, "target": 1788}, {"source": 919, "target": 1707}, {"source": 919, "target": 1791}, {"source": 923, "target": 1130}, {"source": 923, "target": 1672}, {"source": 923, "target": 1686}, {"source": 927, "target": 1008}, {"source": 942, "target": 1107}, {"source": 943, "target": 1367}, {"source": 944, "target": 1149}, {"source": 951, "target": 1260}, {"source": 957, "target": 1034}, {"source": 976, "target": 1394}, {"source": 976, "target": 1410}, {"source": 985, "target": 1020}, {"source": 990, "target": 1368}, {"source": 990, "target": 1394}, {"source": 990, "target": 1653}, {"source": 990, "target": 1684}, {"source": 990, "target": 1699}, {"source": 990, "target": 1788}, {"source": 996, "target": 1249}, {"source": 996, "target": 1488}, {"source": 1014, "target": 1185}, {"source": 1032, "target": 1267}, {"source": 1032, "target": 1611}, {"source": 1054, "target": 1118}, {"source": 1079, "target": 1703}, {"source": 1080, "target": 1214}, {"source": 1080, "target": 1643}, {"source": 1101, "target": 1373}, {"source": 1118, "target": 1349}, {"source": 1122, "target": 1570}, {"source": 1127, "target": 1746}, {"source": 1130, "target": 1686}, {"source": 1136, "target": 1257}, {"source": 1165, "target": 1441}, {"source": 1171, "target": 1787}, {"source": 1173, "target": 1324}, {"source": 1195, "target": 1472}, {"source": 1203, "target": 1733}, {"source": 1204, "target": 1274}, {"source": 1205, "target": 1517}, {"source": 1205, "target": 1641}, {"source": 1210, "target": 1672}, {"source": 1214, "target": 1394}, {"source": 1214, "target": 1643}, {"source": 1214, "target": 1659}, {"source": 1214, "target": 1691}, {"source": 1217, "target": 1394}, {"source": 1249, "target": 1753}, {"source": 1267, "target": 1657}, {"source": 1267, "target": 1659}, {"source": 1278, "target": 1362}, {"source": 1285, "target": 1565}, {"source": 1285, "target": 1658}, {"source": 1350, "target": 1394}, {"source": 1350, "target": 1441}, {"source": 1350, "target": 1691}, {"source": 1350, "target": 1788}, {"source": 1366, "target": 1647}, {"source": 1378, "target": 1714}, {"source": 1381, "target": 1803}, {"source": 1394, "target": 1410}, {"source": 1394, "target": 1643}, {"source": 1394, "target": 1691}, {"source": 1394, "target": 1707}, {"source": 1394, "target": 1788}, {"source": 1401, "target": 1716}, {"source": 1413, "target": 1590}, {"source": 1428, "target": 1651}, {"source": 1433, "target": 1610}, {"source": 1433, "target": 1694}, {"source": 1435, "target": 1682}, {"source": 1472, "target": 1657}, {"source": 1472, "target": 1659}, {"source": 1488, "target": 1563}, {"source": 1488, "target": 1769}, {"source": 1504, "target": 1505}, {"source": 1504, "target": 1643}, {"source": 1505, "target": 1643}, {"source": 1509, "target": 1555}, {"source": 1533, "target": 1733}, {"source": 1563, "target": 1735}, {"source": 1563, "target": 1769}, {"source": 1565, "target": 1641}, {"source": 1594, "target": 1753}, {"source": 1603, "target": 1715}, {"source": 1611, "target": 1659}, {"source": 1653, "target": 1659}, {"source": 1657, "target": 1659}, {"source": 1659, "target": 1691}, {"source": 1707, "target": 1791}, {"source": 1744, "target": 1752}], "nodes": [{"id": 4, "description": "Stephenson College_UK", "user": 4}, {"id": 7, "description": "白城师范学院_China", "user": 7}, {"id": 14, "description": "西南民族大学_China", "user": 14}, {"id": 41, "description": "University of Tübingen_Germany", "user": 14}, {"id": 43, "description": "Technical University of Munich_Germany", "user": 42}, {"id": 45, "description": "Dudley College of Technology_UK", "user": 44}, {"id": 47, "description": "Moorlands College_UK", "user": 46}, {"id": 55, "description": "Madonna University_USA", "user": 1533}, {"id": 61, "description": "University of Detroit Mercy_USA", "user": 14}, {"id": 63, "description": "Midway University_USA", "user": 60}, {"id": 70, "description": "首都经济贸易大学_China", "user": 67}, {"id": 89, "description": "University of Alabama at Birmingham_USA", "user": 86}, {"id": 90, "description": "石家庄人民医学高等专科学校_China", "user": 14}, {"id": 100, "description": "Northwest University_USA", "user": 1534}, {"id": 106, "description": "Brandman University_USA", "user": 101}, {"id": 119, "description": "上海政法学院_China", "user": 14}, {"id": 129, "description": "St. Mary&#39;s University_USA", "user": 1542}, {"id": 130, "description": "East Carolina University_USA", "user": 123}, {"id": 131, "description": "University of Saint Francis_USA", "user": 1534}, {"id": 137, "description": "Ibaraki Christian University_Japan", "user": 129}, {"id": 138, "description": "Butler University_USA", "user": 1542}, {"id": 141, "description": "福州大学_China", "user": 14}, {"id": 142, "description": "Drake University_USA", "user": 1542}, {"id": 143, "description": "Shippensburg University of Pennsylvania_USA", "user": 1541}, {"id": 148, "description": "Maranatha Baptist University_USA", "user": 136}, {"id": 161, "description": "Kyungpook National University_Korean", "user": 14}, {"id": 169, "description": "晋中学院_China", "user": 156}, {"id": 187, "description": "西南医科大学_China", "user": 174}, {"id": 205, "description": "Concordia University Texas_USA", "user": 101}, {"id": 214, "description": "University of New Haven_USA", "user": 1535}, {"id": 220, "description": "长沙师范学院_China", "user": 205}, {"id": 229, "description": "Rashtrasant Tukadoji Maharaj Nagpur University_Indian", "user": 1541}, {"id": 233, "description": "Albany State University_USA", "user": 1542}, {"id": 242, "description": "Loyola Marymount University_USA", "user": 1533}, {"id": 244, "description": "天津师范大学_China", "user": 226}, {"id": 245, "description": "Ouachita Baptist University_USA", "user": 14}, {"id": 247, "description": "Tech Music Schools_UK", "user": 228}, {"id": 249, "description": "University of West Florida_USA", "user": 230}, {"id": 254, "description": "Edinboro University of Pennsylvania_USA", "user": 1541}, {"id": 260, "description": "Pepperdine University_USA", "user": 240}, {"id": 263, "description": "University of Colorado Colorado Springs_USA", "user": 1542}, {"id": 270, "description": "抚州幼儿师范高等专科学校_China", "user": 249}, {"id": 281, "description": "LeTourneau University_USA", "user": 1542}, {"id": 282, "description": "长江师范学院_China", "user": 14}, {"id": 284, "description": "Niagara University (branch)_Canada", "user": 261}, {"id": 288, "description": "Kyushu Lutheran College_Japan", "user": 265}, {"id": 292, "description": "天津医学高等专科学校_China", "user": 269}, {"id": 298, "description": "Stevenson University_USA", "user": 4}, {"id": 299, "description": "上海交通大学_China", "user": 14}, {"id": 301, "description": "German University of Administrative Sciences Speyer_Germany", "user": 276}, {"id": 302, "description": "Southwest Baptist University_USA", "user": 277}, {"id": 306, "description": "山西师范大学现代文理学院_China", "user": 281}, {"id": 308, "description": "New College Durham_UK", "user": 283}, {"id": 314, "description": "广东理工学院_China", "user": 289}, {"id": 316, "description": "Anderson University_USA", "user": 291}, {"id": 318, "description": "San Francisco State University_USA", "user": 1533}, {"id": 323, "description": "陕西师范大学_China", "user": 136}, {"id": 328, "description": "Sofia University_USA", "user": 301}, {"id": 331, "description": "University of Würzburg_Germany", "user": 304}, {"id": 337, "description": "Willamette University_USA", "user": 1542}, {"id": 340, "description": "信阳师范学院_China", "user": 312}, {"id": 341, "description": "Health Science University_Japan", "user": 313}, {"id": 345, "description": "Duquesne University_USA", "user": 317}, {"id": 347, "description": "安徽工程大学_China", "user": 319}, {"id": 351, "description": "Appalachian State University_USA", "user": 1533}, {"id": 353, "description": "Dominican University of California_USA", "user": 1541}, {"id": 358, "description": "兰州交通大学_China", "user": 7}, {"id": 363, "description": "University of Connecticut_USA", "user": 14}, {"id": 365, "description": "University of Ottawa_Canada", "user": 1533}, {"id": 368, "description": "University of Hannover_Germany", "user": 1541}, {"id": 371, "description": "Sacred Heart University_USA", "user": 14}, {"id": 373, "description": "Carlow University_USA", "user": 291}, {"id": 376, "description": "University of Missouri_USA", "user": 14}, {"id": 378, "description": "Middle Georgia State University_USA", "user": 123}, {"id": 381, "description": "Transylvania University_USA", "user": 1540}, {"id": 382, "description": "Bloomsburg University of Pennsylvania_USA", "user": 1541}, {"id": 383, "description": "University of Arkansas - Fort Smith_USA", "user": 1534}, {"id": 387, "description": "University of Rio Grande_USA", "user": 346}, {"id": 389, "description": "University of Pittsburgh_USA", "user": 348}, {"id": 391, "description": "Niagara University_USA", "user": 261}, {"id": 399, "description": "湖北师范大学文理学院_China", "user": 357}, {"id": 413, "description": "Hampton University_USA", "user": 371}, {"id": 420, "description": "北方工业大学_China", "user": 7}, {"id": 425, "description": "西安理工大学_China", "user": 382}, {"id": 430, "description": "University of Rochester_USA", "user": 1533}, {"id": 434, "description": "Hanlyo University_Korean", "user": 371}, {"id": 439, "description": "沈阳工学院_China", "user": 289}, {"id": 440, "description": "University of Wisconsin-Madison_USA", "user": 1542}, {"id": 442, "description": "安徽医科大学_China", "user": 395}, {"id": 446, "description": "泉州医学高等专科学校_China", "user": 14}, {"id": 453, "description": "Touro University California_USA", "user": 405}, {"id": 455, "description": "Humboldt State University_USA", "user": 1541}, {"id": 469, "description": "James Madison University_USA", "user": 1542}, {"id": 476, "description": "Soka University of America_USA", "user": 426}, {"id": 494, "description": "Lawrence Technological University_USA", "user": 1534}, {"id": 502, "description": "Marian University, Wisconsin_USA", "user": 451}, {"id": 510, "description": "Maharshi Dayanand Saraswati University_Indian", "user": 1540}, {"id": 511, "description": "长春中医药大学_China", "user": 14}, {"id": 512, "description": "内蒙古大学_China", "user": 1542}, {"id": 513, "description": "安徽医科大学临床医学院_China", "user": 395}, {"id": 514, "description": "Bastyr University_USA", "user": 14}, {"id": 519, "description": "University of Winnipeg_Canada", "user": 463}, {"id": 528, "description": "Chungbuk National University_Korean", "user": 174}, {"id": 534, "description": "Fairleigh Dickinson University (branch)_Canada", "user": 477}, {"id": 535, "description": "Louisiana State University Health Sciences Center-Shreveport_USA", "user": 478}, {"id": 536, "description": "Open College of the Arts_UK", "user": 1540}, {"id": 538, "description": "Takachiho University_Japan", "user": 14}, {"id": 542, "description": "Chuo Gakuin University_Japan", "user": 483}, {"id": 545, "description": "University of the Sacred Heart_Japan", "user": 1533}, {"id": 546, "description": "Berlin University of the Arts_Germany", "user": 486}, {"id": 550, "description": "University of St Thomas_USA", "user": 490}, {"id": 554, "description": "中山大学_China", "user": 494}, {"id": 555, "description": "Zeppelin University_Germany", "user": 495}, {"id": 558, "description": "University of San Francisco_USA", "user": 1540}, {"id": 559, "description": "Notre Dame de Namur University_USA", "user": 1540}, {"id": 565, "description": "Marquette University_USA", "user": 14}, {"id": 567, "description": "Western University of Health Sciences_USA", "user": 313}, {"id": 569, "description": "North West Kent College of Technology_UK", "user": 228}, {"id": 572, "description": "湘南幼儿师范高等专科学校_China", "user": 507}, {"id": 575, "description": "University of Marburg_Germany", "user": 1541}, {"id": 583, "description": "Baldwin Wallace University_USA", "user": 1540}, {"id": 591, "description": "Idaho State University_USA", "user": 1533}, {"id": 595, "description": "University of Lincoln_UK", "user": 1541}, {"id": 605, "description": "Webster University_USA", "user": 536}, {"id": 608, "description": "Viterbo University_USA", "user": 1533}, {"id": 609, "description": "Alfred University_USA", "user": 1542}, {"id": 616, "description": "Bundelkhand University_Indian", "user": 1542}, {"id": 620, "description": "University of Pikeville_USA", "user": 1542}, {"id": 629, "description": "华东师范大学_China", "user": 14}, {"id": 631, "description": "湖南幼儿师范高等专科学校_China", "user": 507}, {"id": 632, "description": "香港中文大學_Hong Kong", "user": 557}, {"id": 637, "description": "University of New England_Australia", "user": 562}, {"id": 644, "description": "The University of Utah_USA", "user": 1542}, {"id": 648, "description": "Islamic College for Advanced Studies_UK", "user": 44}, {"id": 649, "description": "山西师范大学_China", "user": 14}, {"id": 651, "description": "江西科技师范大学理工学院_China", "user": 573}, {"id": 655, "description": "University of Calgary_Canada", "user": 577}, {"id": 662, "description": "Clarion University of Pennsylvania_USA", "user": 1541}, {"id": 665, "description": "Cambridge Regional College_UK", "user": 586}, {"id": 668, "description": "天津商业大学_China", "user": 1541}, {"id": 670, "description": "University of St. Francis_USA", "user": 1534}, {"id": 676, "description": "Howard University_USA", "user": 46}, {"id": 681, "description": "University of Denver_USA", "user": 599}, {"id": 683, "description": "North Carolina State University_USA", "user": 495}, {"id": 696, "description": "Waynesburg University_USA", "user": 291}, {"id": 698, "description": "Louisiana State University Health Sciences Center_USA", "user": 478}, {"id": 711, "description": "Soka University_Japan", "user": 426}, {"id": 716, "description": "University of Mainz_Germany", "user": 276}, {"id": 723, "description": "Logan University_USA", "user": 477}, {"id": 724, "description": "Southwest Minnesota State University_USA", "user": 1542}, {"id": 725, "description": "福建中医药大学_China", "user": 281}, {"id": 733, "description": "University College of the North_Canada", "user": 1542}, {"id": 734, "description": "Newbury College_UK", "user": 1533}, {"id": 735, "description": "University of Westminster_UK", "user": 317}, {"id": 743, "description": "London School of Osteopathy_UK", "user": 1542}, {"id": 748, "description": "Kyoto University of Foreign Studies_Japan", "user": 14}, {"id": 757, "description": "Dongduk Women&#39;s University_Korean", "user": 7}, {"id": 761, "description": "陇南师范高等专科学校_China", "user": 665}, {"id": 765, "description": "University of New England_USA", "user": 562}, {"id": 766, "description": "西北大学_China", "user": 1533}, {"id": 767, "description": "Stetson University_USA", "user": 1542}, {"id": 778, "description": "University of Arkansas at Little Rock_USA", "user": 1541}, {"id": 789, "description": "晋中师范高等专科学校_China", "user": 156}, {"id": 792, "description": "Delaware Valley University_USA", "user": 291}, {"id": 795, "description": "Lewis University_USA", "user": 1541}, {"id": 806, "description": "中国药科大学_China", "user": 205}, {"id": 807, "description": "Mount Mary University_USA", "user": 1541}, {"id": 814, "description": "Widener University_USA", "user": 1542}, {"id": 816, "description": "North Lindsey College_UK", "user": 710}, {"id": 817, "description": "山西农业大学_China", "user": 14}, {"id": 820, "description": "中北大学_China", "user": 14}, {"id": 821, "description": "College of Osteopaths_UK", "user": 1533}, {"id": 823, "description": "University of Manitoba_Canada", "user": 463}, {"id": 825, "description": "Vidyasagar University_Indian", "user": 715}, {"id": 826, "description": "Marymount California University_USA", "user": 716}, {"id": 827, "description": "Childhood First_UK", "user": 44}, {"id": 840, "description": "Bradford College_UK", "user": 1534}, {"id": 842, "description": "Mississippi State University_USA", "user": 1542}, {"id": 845, "description": "Lincoln College_UK", "user": 1541}, {"id": 848, "description": "John Wesley University_USA", "user": 1541}, {"id": 858, "description": "温州医科大学_China", "user": 743}, {"id": 867, "description": "University of Illinois at Urbana-Champaign_USA", "user": 577}, {"id": 869, "description": "University of Calcutta_Indian", "user": 1542}, {"id": 870, "description": "南开大学_China", "user": 14}, {"id": 874, "description": "Tennessee Wesleyan University_USA", "user": 1542}, {"id": 889, "description": "University of the West_USA", "user": 230}, {"id": 893, "description": "Methodist University_USA", "user": 1541}, {"id": 897, "description": "Texas A&M University-Kingsville_USA", "user": 776}, {"id": 900, "description": "University of New Hampshire_USA", "user": 1542}, {"id": 905, "description": "Resurrection University_USA", "user": 783}, {"id": 906, "description": "Metropolitan State University_USA", "user": 1541}, {"id": 907, "description": "Valley City State University_USA", "user": 1533}, {"id": 909, "description": "University of Missouri-St. Louis_USA", "user": 14}, {"id": 912, "description": "Mount Allison University_Canada", "user": 577}, {"id": 914, "description": "QA Higher Education (London and Birmingham)_UK", "user": 44}, {"id": 918, "description": "Kumaun University_Indian", "user": 1541}, {"id": 919, "description": "Holy Family University_USA", "user": 14}, {"id": 923, "description": "忻州师范学院_China", "user": 7}, {"id": 927, "description": "贵州理工学院_China", "user": 797}, {"id": 936, "description": "香港藝術學院_Hong Kong", "user": 319}, {"id": 941, "description": "Institute of Advanced Media Arts and Sciences_Japan", "user": 586}, {"id": 942, "description": "华东交通大学_China", "user": 810}, {"id": 943, "description": "湖南工业大学_China", "user": 811}, {"id": 944, "description": "University of Munich_Germany", "user": 42}, {"id": 951, "description": "Marymount University_USA", "user": 818}, {"id": 957, "description": "镇江市高等专科学校_China", "user": 824}, {"id": 958, "description": "University of North Alabama_USA", "user": 710}, {"id": 967, "description": "West Coast University-Los Angeles_USA", "user": 494}, {"id": 976, "description": "Hollins University_USA", "user": 1533}, {"id": 985, "description": "山西医科大学_China", "user": 849}, {"id": 987, "description": "University of North Georgia_USA", "user": 1537}, {"id": 990, "description": "Louisiana Tech University_USA", "user": 1542}, {"id": 991, "description": "西安医学高等专科学校_China", "user": 269}, {"id": 996, "description": "Strayer University_USA", "user": 14}, {"id": 1008, "description": "大连交通大学_China", "user": 797}, {"id": 1014, "description": "University of North Carolina at Greensboro_USA", "user": 1532}, {"id": 1015, "description": "Lenoir-Rhyne University_USA", "user": 665}, {"id": 1020, "description": "宁夏幼儿师范高等专科学校_China", "user": 849}, {"id": 1021, "description": "Mansfield University of Pennsylvania_USA", "user": 1541}, {"id": 1026, "description": "Southwestern Assemblies of God University_USA", "user": 14}, {"id": 1029, "description": "University of Erfurt_Germany", "user": 304}, {"id": 1032, "description": "University of Texas Southwestern Medical Center_USA", "user": 1540}, {"id": 1034, "description": "白城医学高等专科学校_China", "user": 824}, {"id": 1049, "description": "云南师范大学文理学院_China", "user": 123}, {"id": 1054, "description": "University at Buffalo, State University of New York_USA", "user": 577}, {"id": 1055, "description": "西安理工大学高科学院_China", "user": 382}, {"id": 1059, "description": "上海理工大学_China", "user": 7}, {"id": 1065, "description": "Marian University_USA", "user": 451}, {"id": 1075, "description": "University of Texas Rio Grande Valley_USA", "user": 346}, {"id": 1078, "description": "Armstrong State University_USA", "user": 291}, {"id": 1079, "description": "West Chester University of Pennsylvania_USA", "user": 923}, {"id": 1080, "description": "Union University_USA", "user": 1533}, {"id": 1097, "description": "University of Göttingen_Germany", "user": 291}, {"id": 1101, "description": "The University of Tennessee, Knoxville_USA", "user": 943}, {"id": 1107, "description": "华东交通大学理工学院_China", "user": 810}, {"id": 1108, "description": "St. Marianna University School of Medicine_Japan", "user": 60}, {"id": 1118, "description": "Wittenberg University_USA", "user": 577}, {"id": 1122, "description": "长春师范大学_China", "user": 961}, {"id": 1127, "description": "Panjab University[note 11]_Indian", "user": 966}, {"id": 1128, "description": "Wayne State University_USA", "user": 1534}, {"id": 1130, "description": "山东建筑大学_China", "user": 7}, {"id": 1136, "description": "Kyoto Bunkyo University_Japan", "user": 973}, {"id": 1144, "description": "College of the Resurrection_UK", "user": 783}, {"id": 1149, "description": "Ludwig Maximilians University of Munich_Germany", "user": 42}, {"id": 1154, "description": "State University of New York at Fredonia_USA", "user": 1538}, {"id": 1161, "description": "University of Richmond_USA", "user": 1542}, {"id": 1163, "description": "Far East University, Korea_Korean", "user": 1539}, {"id": 1165, "description": "The University of Arizona_USA", "user": 14}, {"id": 1171, "description": "University of North Carolina School of the Arts_USA", "user": 1002}, {"id": 1173, "description": "Tokyo City University_Japan", "user": 301}, {"id": 1177, "description": "Veer Narmad South Gujarat University_Indian", "user": 123}, {"id": 1179, "description": "South Eastern Regional College_UK", "user": 14}, {"id": 1185, "description": "Queens University of Charlotte_USA", "user": 1532}, {"id": 1190, "description": "Showa Pharmaceutical University_Japan", "user": 405}, {"id": 1195, "description": "Vanderbilt University_USA", "user": 14}, {"id": 1203, "description": "London College of International Business Studies_UK", "user": 44}, {"id": 1204, "description": "Colorado Mesa University_USA", "user": 291}, {"id": 1205, "description": "University of Michigan-Flint_USA", "user": 14}, {"id": 1210, "description": "闽南师范大学_China", "user": 7}, {"id": 1214, "description": "Huntington University_USA", "user": 1533}, {"id": 1217, "description": "Lourdes University_USA", "user": 1533}, {"id": 1226, "description": "Aomori Chuo Gakuin University_Japan", "user": 483}, {"id": 1249, "description": "Central Washington University_USA", "user": 14}, {"id": 1256, "description": "University of St. Thomas_USA", "user": 490}, {"id": 1257, "description": "Bunkyo University_Japan", "user": 973}, {"id": 1258, "description": "Thomas University_USA", "user": 490}, {"id": 1260, "description": "Jacobs University Bremen_Germany", "user": 818}, {"id": 1267, "description": "Northern Arizona University_USA", "user": 1542}, {"id": 1274, "description": "Santa Fe University of Art and Design_USA", "user": 291}, {"id": 1278, "description": "Tokyo College of Music_Japan", "user": 1089}, {"id": 1284, "description": "University of Fukui_Japan", "user": 776}, {"id": 1285, "description": "太原师范学院_China", "user": 14}, {"id": 1289, "description": "Fontbonne University_USA", "user": 716}, {"id": 1293, "description": "Fairleigh Dickinson University_USA", "user": 477}, {"id": 1297, "description": "浙江财经大学_China", "user": 1541}, {"id": 1305, "description": "The University of Notre Dame Australia_Australia", "user": 14}, {"id": 1310, "description": "新疆医科大学厚博学院_China", "user": 226}, {"id": 1312, "description": "Iron Mill Institute_UK", "user": 1533}, {"id": 1324, "description": "Sophia University_Japan", "user": 301}, {"id": 1340, "description": "湖南师范大学_China", "user": 281}, {"id": 1349, "description": "University of California, Merced_USA", "user": 577}, {"id": 1350, "description": "Medical University of South Carolina_USA", "user": 1533}, {"id": 1361, "description": "University of the Rockies_USA", "user": 599}, {"id": 1362, "description": "University of Southern California_USA", "user": 1089}, {"id": 1364, "description": "University of Bradford_UK", "user": 348}, {"id": 1366, "description": "Concordia University, St. Paul_USA", "user": 577}, {"id": 1367, "description": "南京理工大学_China", "user": 811}, {"id": 1368, "description": "DePauw University_USA", "user": 1542}, {"id": 1370, "description": "北京师范大学_China", "user": 1534}, {"id": 1373, "description": "Martin University_USA", "user": 943}, {"id": 1378, "description": "锦州师范高等专科学校_China", "user": 1169}, {"id": 1381, "description": "Point University_USA", "user": 1172}, {"id": 1394, "description": "Texas Christian University_USA", "user": 1533}, {"id": 1401, "description": "University of Western States_USA", "user": 1191}, {"id": 1403, "description": "Arizona State University_USA", "user": 1541}, {"id": 1405, "description": "Cornell University_USA", "user": 1533}, {"id": 1410, "description": "University of Providence_USA", "user": 1533}, {"id": 1413, "description": "Boston College_UK", "user": 1200}, {"id": 1428, "description": "安徽财经大学_China", "user": 1215}, {"id": 1433, "description": "University of Georgia_USA", "user": 1540}, {"id": 1435, "description": "California State University, Chico_USA", "user": 101}, {"id": 1441, "description": "Eastern University_USA", "user": 14}, {"id": 1455, "description": "宜春幼儿师范高等专科学校_China", "user": 249}, {"id": 1461, "description": "四川文理学院_China", "user": 67}, {"id": 1472, "description": "University of Erlangen-Nuremberg_Germany", "user": 1542}, {"id": 1473, "description": "湖北文理学院_China", "user": 357}, {"id": 1488, "description": "Illinois State University_USA", "user": 14}, {"id": 1490, "description": "南昌工学院_China", "user": 7}, {"id": 1504, "description": "University of the Southwest_USA", "user": 1533}, {"id": 1505, "description": "Ravenshaw University_Indian", "user": 1536}, {"id": 1509, "description": "Northeast Ohio Medical University_USA", "user": 1285}, {"id": 1517, "description": "University of Michigan_USA", "user": 14}, {"id": 1524, "description": "Durham University_UK", "user": 283}, {"id": 1533, "description": "University College of Estate Management_UK", "user": 44}, {"id": 1534, "description": "National Design Academy_UK", "user": 1540}, {"id": 1535, "description": "厦门大学_China", "user": 1538}, {"id": 1545, "description": "上海财经大学_China", "user": 1533}, {"id": 1555, "description": "Hawaii Pacific University_USA", "user": 1285}, {"id": 1563, "description": "Portland State University_USA", "user": 14}, {"id": 1565, "description": "安阳师范学院_China", "user": 14}, {"id": 1567, "description": "温州商学院_China", "user": 743}, {"id": 1570, "description": "长春师范高等专科学校_China", "user": 961}, {"id": 1590, "description": "New College Nottingham_UK", "user": 1200}, {"id": 1594, "description": "Kannur University_Indian", "user": 14}, {"id": 1603, "description": "Technical University of Berlin_Germany", "user": 486}, {"id": 1610, "description": "Susquehanna University_USA", "user": 1540}, {"id": 1611, "description": "Ohio Wesleyan University_USA", "user": 1542}, {"id": 1619, "description": "驻马店幼儿师范高等专科学校_China", "user": 312}, {"id": 1641, "description": "内蒙古科技大学_China", "user": 14}, {"id": 1643, "description": "Lander University_USA", "user": 1533}, {"id": 1647, "description": "University of Wyoming_USA", "user": 577}, {"id": 1651, "description": "安徽财经大学商学院_China", "user": 1215}, {"id": 1653, "description": "North Carolina Agricultural and Technical State University_USA", "user": 1542}, {"id": 1657, "description": "Baylor University_USA", "user": 1542}, {"id": 1658, "description": "中国石油大学（北京）_China", "user": 14}, {"id": 1659, "description": "Dravidian University_Indian", "user": 1542}, {"id": 1663, "description": "Luther Theological University_Korean", "user": 265}, {"id": 1665, "description": "香港中文大学（深圳）_China", "user": 557}, {"id": 1671, "description": "The University of Alabama in Huntsville_USA", "user": 86}, {"id": 1672, "description": "宁波大学_China", "user": 7}, {"id": 1674, "description": "California State University Channel Islands_USA", "user": 129}, {"id": 1680, "description": "Central Film School London_UK", "user": 240}, {"id": 1682, "description": "Holy Cross College_UK", "user": 101}, {"id": 1684, "description": "Northwestern University_USA", "user": 1534}, {"id": 1686, "description": "贵州师范大学_China", "user": 7}, {"id": 1691, "description": "East Stroudsburg University_USA", "user": 1541}, {"id": 1694, "description": "A.T. Still University_USA", "user": 1541}, {"id": 1696, "description": "江西科技师范大学_China", "user": 573}, {"id": 1699, "description": "North Dakota State University_USA", "user": 1542}, {"id": 1703, "description": "University of Chester_UK", "user": 923}, {"id": 1707, "description": "Osaka International University_Japan", "user": 14}, {"id": 1714, "description": "辽宁民族师范高等专科学校_China", "user": 1169}, {"id": 1715, "description": "Free University of Berlin_Germany", "user": 486}, {"id": 1716, "description": "Missouri Western State University_USA", "user": 1191}, {"id": 1722, "description": "Lalit Narayan Mithila University_Indian", "user": 715}, {"id": 1728, "description": "Scottish Baptist College_UK", "user": 277}, {"id": 1733, "description": "Interactive Design Institute_UK", "user": 44}, {"id": 1734, "description": "天津大学_China", "user": 1542}, {"id": 1735, "description": "Kongju National University_Korean", "user": 14}, {"id": 1744, "description": "Manchester University_USA", "user": 536}, {"id": 1746, "description": "Punjabi University_Indian", "user": 966}, {"id": 1747, "description": "University of Northern Iowa_USA", "user": 14}, {"id": 1752, "description": "Manchester College, The_UK", "user": 536}, {"id": 1753, "description": "University of Ulm_Germany", "user": 14}, {"id": 1769, "description": "Bay Path University_USA", "user": 14}, {"id": 1780, "description": "唐山师范学院_China", "user": 7}, {"id": 1787, "description": "The University of the Arts_USA", "user": 1002}, {"id": 1788, "description": "Shivaji University_Indian", "user": 1541}, {"id": 1791, "description": "Kansai University_Japan", "user": 14}, {"id": 1803, "description": "High Point University_USA", "user": 1172}]}