{"links": [{"source": 0, "target": 213}, {"source": 1, "target": 348}, {"source": 2, "target": 119}, {"source": 2, "target": 392}, {"source": 3, "target": 220}, {"source": 3, "target": 351}, {"source": 4, "target": 15}, {"source": 4, "target": 190}, {"source": 5, "target": 191}, {"source": 5, "target": 505}, {"source": 7, "target": 42}, {"source": 7, "target": 264}, {"source": 8, "target": 196}, {"source": 9, "target": 325}, {"source": 11, "target": 480}, {"source": 13, "target": 344}, {"source": 15, "target": 168}, {"source": 16, "target": 96}, {"source": 16, "target": 181}, {"source": 17, "target": 261}, {"source": 17, "target": 370}, {"source": 18, "target": 157}, {"source": 19, "target": 265}, {"source": 19, "target": 283}, {"source": 19, "target": 477}, {"source": 19, "target": 501}, {"source": 20, "target": 188}, {"source": 21, "target": 127}, {"source": 22, "target": 327}, {"source": 22, "target": 373}, {"source": 22, "target": 525}, {"source": 23, "target": 270}, {"source": 23, "target": 507}, {"source": 24, "target": 376}, {"source": 24, "target": 438}, {"source": 25, "target": 181}, {"source": 25, "target": 243}, {"source": 25, "target": 433}, {"source": 26, "target": 130}, {"source": 27, "target": 39}, {"source": 28, "target": 49}, {"source": 28, "target": 211}, {"source": 29, "target": 98}, {"source": 29, "target": 344}, {"source": 30, "target": 266}, {"source": 31, "target": 112}, {"source": 31, "target": 157}, {"source": 32, "target": 441}, {"source": 33, "target": 484}, {"source": 35, "target": 254}, {"source": 36, "target": 112}, {"source": 36, "target": 302}, {"source": 36, "target": 503}, {"source": 37, "target": 141}, {"source": 37, "target": 358}, {"source": 37, "target": 364}, {"source": 39, "target": 374}, {"source": 40, "target": 189}, {"source": 40, "target": 294}, {"source": 40, "target": 417}, {"source": 41, "target": 173}, {"source": 43, "target": 72}, {"source": 43, "target": 405}, {"source": 44, "target": 188}, {"source": 45, "target": 103}, {"source": 47, "target": 393}, {"source": 48, "target": 287}, {"source": 48, "target": 507}, {"source": 49, "target": 65}, {"source": 49, "target": 159}, {"source": 49, "target": 211}, {"source": 49, "target": 337}, {"source": 51, "target": 267}, {"source": 51, "target": 332}, {"source": 52, "target": 226}, {"source": 55, "target": 192}, {"source": 55, "target": 336}, {"source": 55, "target": 496}, {"source": 56, "target": 85}, {"source": 57, "target": 99}, {"source": 58, "target": 155}, {"source": 58, "target": 238}, {"source": 59, "target": 172}, {"source": 61, "target": 83}, {"source": 62, "target": 87}, {"source": 62, "target": 313}, {"source": 64, "target": 276}, {"source": 66, "target": 289}, {"source": 67, "target": 421}, {"source": 68, "target": 205}, {"source": 68, "target": 388}, {"source": 69, "target": 464}, {"source": 70, "target": 242}, {"source": 71, "target": 431}, {"source": 72, "target": 117}, {"source": 72, "target": 273}, {"source": 72, "target": 306}, {"source": 72, "target": 405}, {"source": 74, "target": 292}, {"source": 74, "target": 387}, {"source": 75, "target": 136}, {"source": 75, "target": 167}, {"source": 76, "target": 518}, {"source": 77, "target": 462}, {"source": 77, "target": 480}, {"source": 78, "target": 117}, {"source": 78, "target": 199}, {"source": 79, "target": 500}, {"source": 80, "target": 392}, {"source": 81, "target": 271}, {"source": 84, "target": 540}, {"source": 86, "target": 381}, {"source": 88, "target": 260}, {"source": 89, "target": 195}, {"source": 90, "target": 168}, {"source": 91, "target": 268}, {"source": 92, "target": 331}, {"source": 96, "target": 148}, {"source": 96, "target": 394}, {"source": 96, "target": 485}, {"source": 97, "target": 239}, {"source": 99, "target": 164}, {"source": 99, "target": 173}, {"source": 100, "target": 148}, {"source": 100, "target": 243}, {"source": 100, "target": 285}, {"source": 101, "target": 385}, {"source": 102, "target": 215}, {"source": 103, "target": 383}, {"source": 104, "target": 440}, {"source": 106, "target": 144}, {"source": 108, "target": 281}, {"source": 108, "target": 328}, {"source": 109, "target": 161}, {"source": 109, "target": 282}, {"source": 110, "target": 174}, {"source": 110, "target": 234}, {"source": 110, "target": 247}, {"source": 110, "target": 251}, {"source": 110, "target": 272}, {"source": 113, "target": 139}, {"source": 114, "target": 273}, {"source": 117, "target": 297}, {"source": 117, "target": 405}, {"source": 117, "target": 518}, {"source": 118, "target": 335}, {"source": 118, "target": 439}, {"source": 119, "target": 392}, {"source": 120, "target": 206}, {"source": 121, "target": 280}, {"source": 121, "target": 399}, {"source": 122, "target": 497}, {"source": 122, "target": 547}, {"source": 124, "target": 241}, {"source": 124, "target": 463}, {"source": 125, "target": 129}, {"source": 125, "target": 267}, {"source": 125, "target": 356}, {"source": 125, "target": 541}, {"source": 126, "target": 184}, {"source": 126, "target": 325}, {"source": 127, "target": 486}, {"source": 130, "target": 156}, {"source": 130, "target": 282}, {"source": 130, "target": 457}, {"source": 131, "target": 340}, {"source": 133, "target": 230}, {"source": 133, "target": 331}, {"source": 133, "target": 402}, {"source": 133, "target": 471}, {"source": 135, "target": 243}, {"source": 135, "target": 291}, {"source": 136, "target": 165}, {"source": 136, "target": 435}, {"source": 137, "target": 317}, {"source": 137, "target": 384}, {"source": 139, "target": 299}, {"source": 140, "target": 503}, {"source": 141, "target": 214}, {"source": 141, "target": 489}, {"source": 144, "target": 324}, {"source": 144, "target": 517}, {"source": 145, "target": 403}, {"source": 147, "target": 153}, {"source": 148, "target": 181}, {"source": 150, "target": 465}, {"source": 154, "target": 362}, {"source": 155, "target": 158}, {"source": 155, "target": 200}, {"source": 155, "target": 234}, {"source": 156, "target": 233}, {"source": 156, "target": 516}, {"source": 158, "target": 234}, {"source": 158, "target": 428}, {"source": 158, "target": 537}, {"source": 159, "target": 378}, {"source": 163, "target": 226}, {"source": 165, "target": 435}, {"source": 168, "target": 231}, {"source": 169, "target": 298}, {"source": 171, "target": 256}, {"source": 172, "target": 324}, {"source": 172, "target": 366}, {"source": 175, "target": 211}, {"source": 176, "target": 322}, {"source": 177, "target": 186}, {"source": 180, "target": 387}, {"source": 182, "target": 418}, {"source": 184, "target": 270}, {"source": 184, "target": 325}, {"source": 184, "target": 412}, {"source": 185, "target": 346}, {"source": 192, "target": 336}, {"source": 193, "target": 195}, {"source": 193, "target": 423}, {"source": 195, "target": 341}, {"source": 196, "target": 359}, {"source": 197, "target": 429}, {"source": 200, "target": 303}, {"source": 200, "target": 342}, {"source": 201, "target": 394}, {"source": 204, "target": 270}, {"source": 204, "target": 457}, {"source": 204, "target": 539}, {"source": 208, "target": 283}, {"source": 209, "target": 364}, {"source": 210, "target": 312}, {"source": 210, "target": 402}, {"source": 211, "target": 264}, {"source": 214, "target": 348}, {"source": 215, "target": 533}, {"source": 220, "target": 351}, {"source": 222, "target": 467}, {"source": 223, "target": 328}, {"source": 223, "target": 343}, {"source": 223, "target": 415}, {"source": 224, "target": 313}, {"source": 226, "target": 250}, {"source": 227, "target": 285}, {"source": 227, "target": 548}, {"source": 230, "target": 254}, {"source": 232, "target": 248}, {"source": 233, "target": 548}, {"source": 234, "target": 251}, {"source": 234, "target": 272}, {"source": 234, "target": 537}, {"source": 235, "target": 258}, {"source": 235, "target": 357}, {"source": 236, "target": 246}, {"source": 237, "target": 320}, {"source": 237, "target": 515}, {"source": 238, "target": 251}, {"source": 238, "target": 272}, {"source": 238, "target": 291}, {"source": 239, "target": 270}, {"source": 239, "target": 539}, {"source": 240, "target": 490}, {"source": 241, "target": 463}, {"source": 243, "target": 285}, {"source": 245, "target": 478}, {"source": 246, "target": 484}, {"source": 247, "target": 272}, {"source": 247, "target": 371}, {"source": 248, "target": 349}, {"source": 250, "target": 421}, {"source": 251, "target": 272}, {"source": 251, "target": 537}, {"source": 252, "target": 316}, {"source": 254, "target": 302}, {"source": 254, "target": 369}, {"source": 255, "target": 479}, {"source": 256, "target": 356}, {"source": 257, "target": 290}, {"source": 260, "target": 382}, {"source": 261, "target": 303}, {"source": 264, "target": 321}, {"source": 265, "target": 283}, {"source": 265, "target": 487}, {"source": 266, "target": 317}, {"source": 267, "target": 541}, {"source": 270, "target": 539}, {"source": 271, "target": 324}, {"source": 273, "target": 306}, {"source": 274, "target": 311}, {"source": 278, "target": 360}, {"source": 278, "target": 437}, {"source": 280, "target": 384}, {"source": 280, "target": 399}, {"source": 281, "target": 392}, {"source": 281, "target": 494}, {"source": 283, "target": 487}, {"source": 284, "target": 508}, {"source": 286, "target": 409}, {"source": 286, "target": 526}, {"source": 287, "target": 296}, {"source": 287, "target": 370}, {"source": 292, "target": 539}, {"source": 295, "target": 391}, {"source": 295, "target": 521}, {"source": 297, "target": 518}, {"source": 298, "target": 396}, {"source": 299, "target": 382}, {"source": 299, "target": 491}, {"source": 301, "target": 488}, {"source": 301, "target": 539}, {"source": 302, "target": 308}, {"source": 302, "target": 369}, {"source": 305, "target": 422}, {"source": 306, "target": 360}, {"source": 306, "target": 405}, {"source": 306, "target": 483}, {"source": 309, "target": 427}, {"source": 312, "target": 367}, {"source": 312, "target": 463}, {"source": 314, "target": 504}, {"source": 314, "target": 535}, {"source": 315, "target": 430}, {"source": 315, "target": 475}, {"source": 315, "target": 505}, {"source": 318, "target": 462}, {"source": 320, "target": 515}, {"source": 323, "target": 341}, {"source": 323, "target": 400}, {"source": 324, "target": 366}, {"source": 326, "target": 468}, {"source": 327, "target": 525}, {"source": 328, "target": 415}, {"source": 331, "target": 358}, {"source": 334, "target": 407}, {"source": 337, "target": 414}, {"source": 337, "target": 442}, {"source": 337, "target": 519}, {"source": 338, "target": 418}, {"source": 340, "target": 401}, {"source": 345, "target": 425}, {"source": 349, "target": 467}, {"source": 360, "target": 437}, {"source": 364, "target": 433}, {"source": 366, "target": 442}, {"source": 366, "target": 517}, {"source": 367, "target": 534}, {"source": 368, "target": 523}, {"source": 369, "target": 471}, {"source": 373, "target": 382}, {"source": 380, "target": 522}, {"source": 384, "target": 398}, {"source": 389, "target": 526}, {"source": 393, "target": 434}, {"source": 394, "target": 485}, {"source": 397, "target": 493}, {"source": 402, "target": 423}, {"source": 404, "target": 535}, {"source": 406, "target": 501}, {"source": 409, "target": 456}, {"source": 409, "target": 515}, {"source": 409, "target": 526}, {"source": 410, "target": 515}, {"source": 415, "target": 424}, {"source": 422, "target": 432}, {"source": 424, "target": 436}, {"source": 424, "target": 549}, {"source": 425, "target": 496}, {"source": 428, "target": 537}, {"source": 429, "target": 441}, {"source": 430, "target": 482}, {"source": 436, "target": 549}, {"source": 445, "target": 472}, {"source": 445, "target": 544}, {"source": 454, "target": 520}, {"source": 458, "target": 460}, {"source": 465, "target": 550}, {"source": 475, "target": 529}, {"source": 481, "target": 506}, {"source": 482, "target": 529}, {"source": 492, "target": 542}, {"source": 497, "target": 547}, {"source": 500, "target": 532}], "nodes": [{"id": 0, "description": "北京工商大学_China", "user": 0}, {"id": 1, "description": "中国政法大学_China", "user": 1}, {"id": 2, "description": "苏州科技大学_China", "user": 2}, {"id": 3, "description": "华东交通大学理工学院_China", "user": 3}, {"id": 4, "description": "石家庄铁道大学_China", "user": 4}, {"id": 5, "description": "北华大学_China", "user": 5}, {"id": 7, "description": "南京财经大学_China", "user": 7}, {"id": 8, "description": "大连交通大学_China", "user": 8}, {"id": 9, "description": "河南大学_China", "user": 220}, {"id": 11, "description": "广东第二师范学院_China", "user": 10}, {"id": 13, "description": "南通职业大学_China", "user": 12}, {"id": 15, "description": "安徽财经大学_China", "user": 4}, {"id": 16, "description": "商丘工学院_China", "user": 221}, {"id": 17, "description": "山东科技大学_China", "user": 220}, {"id": 18, "description": "西藏民族大学_China", "user": 222}, {"id": 19, "description": "沈阳农业大学_China", "user": 14}, {"id": 20, "description": "宁夏医科大学_China", "user": 15}, {"id": 21, "description": "佳木斯大学_China", "user": 16}, {"id": 22, "description": "华北水利水电大学_China", "user": 17}, {"id": 23, "description": "沈阳师范大学_China", "user": 220}, {"id": 24, "description": "河南科技大学_China", "user": 18}, {"id": 25, "description": "汉江师范学院_China", "user": 221}, {"id": 26, "description": "长春大学_China", "user": 220}, {"id": 27, "description": "黑龙江科技大学_China", "user": 19}, {"id": 28, "description": "北京体育大学_China", "user": 7}, {"id": 29, "description": "广东工业大学_China", "user": 12}, {"id": 30, "description": "新疆医科大学_China", "user": 20}, {"id": 31, "description": "湖北师范大学_China", "user": 222}, {"id": 32, "description": "河南财经政法大学_China", "user": 21}, {"id": 33, "description": "湖南中医药大学_China", "user": 22}, {"id": 35, "description": "皖南医学院_China", "user": 222}, {"id": 36, "description": "内蒙古师范大学_China", "user": 222}, {"id": 37, "description": "湖北大学_China", "user": 1}, {"id": 39, "description": "江苏师范大学_China", "user": 19}, {"id": 40, "description": "哈尔滨工程大学_China", "user": 25}, {"id": 41, "description": "河北科技大学_China", "user": 26}, {"id": 42, "description": "中国传媒大学_China", "user": 7}, {"id": 43, "description": "中国地质大学（北京）_China", "user": 27}, {"id": 44, "description": "河北工程大学_China", "user": 15}, {"id": 45, "description": "山西财经大学_China", "user": 28}, {"id": 47, "description": "吉林财经大学_China", "user": 30}, {"id": 48, "description": "广东医科大学_China", "user": 220}, {"id": 49, "description": "沈阳理工大学_China", "user": 7}, {"id": 51, "description": "大连海事大学_China", "user": 32}, {"id": 52, "description": "河海大学_China", "user": 33}, {"id": 55, "description": "云南民族大学_China", "user": 36}, {"id": 56, "description": "辽宁工程技术大学_China", "user": 37}, {"id": 57, "description": "石河子大学_China", "user": 26}, {"id": 58, "description": "沈阳大学_China", "user": 219}, {"id": 59, "description": "乌鲁木齐职业大学_China", "user": 7}, {"id": 61, "description": "广东外语外贸大学_China", "user": 39}, {"id": 62, "description": "湖北中医药大学_China", "user": 40}, {"id": 64, "description": "燕山大学_China", "user": 42}, {"id": 65, "description": "浙江理工大学_China", "user": 7}, {"id": 66, "description": "江汉大学文理学院_China", "user": 43}, {"id": 67, "description": "香港中文大学（深圳）_China", "user": 33}, {"id": 68, "description": "内蒙古大学_China", "user": 44}, {"id": 69, "description": "西华师范大学_China", "user": 45}, {"id": 70, "description": "陕西科技大学_China", "user": 46}, {"id": 71, "description": "大连外国语大学_China", "user": 47}, {"id": 72, "description": "西南交通大学_China", "user": 27}, {"id": 74, "description": "沈阳工学院_China", "user": 220}, {"id": 75, "description": "广东财经大学_China", "user": 49}, {"id": 76, "description": "武昌首义学院_China", "user": 27}, {"id": 77, "description": "华南农业大学_China", "user": 10}, {"id": 78, "description": "大连医科大学_China", "user": 27}, {"id": 79, "description": "湖北文理学院_China", "user": 50}, {"id": 80, "description": "天津科技大学_China", "user": 2}, {"id": 81, "description": "浙江中医药大学_China", "user": 7}, {"id": 83, "description": "广东外语外贸大学南国商学院_China", "user": 39}, {"id": 84, "description": "武汉理工大学_China", "user": 52}, {"id": 85, "description": "贵州民族大学_China", "user": 37}, {"id": 86, "description": "中央民族大学_China", "user": 53}, {"id": 87, "description": "广西民族师范学院_China", "user": 40}, {"id": 88, "description": "华中师范大学_China", "user": 17}, {"id": 89, "description": "大连工业大学_China", "user": 223}, {"id": 90, "description": "甘肃医学院_China", "user": 4}, {"id": 91, "description": "浙江师范大学_China", "user": 54}, {"id": 92, "description": "四川外国语大学_China", "user": 1}, {"id": 96, "description": "南昌工学院_China", "user": 221}, {"id": 97, "description": "新疆财经大学_China", "user": 220}, {"id": 98, "description": "长治医学院_China", "user": 12}, {"id": 99, "description": "陕西中医药大学_China", "user": 26}, {"id": 100, "description": "宁夏大学_China", "user": 221}, {"id": 101, "description": "乐山师范学院_China", "user": 58}, {"id": 102, "description": "北京交通大学_China", "user": 59}, {"id": 103, "description": "山西医科大学_China", "user": 28}, {"id": 104, "description": "重庆师范大学_China", "user": 60}, {"id": 106, "description": "天津医科大学临床医学院_China", "user": 7}, {"id": 108, "description": "天津商业大学_China", "user": 2}, {"id": 109, "description": "广西大学行健文理学院_China", "user": 220}, {"id": 110, "description": "赣南医学院_China", "user": 219}, {"id": 112, "description": "西南医科大学_China", "user": 222}, {"id": 113, "description": "南华大学_China", "user": 17}, {"id": 114, "description": "浙江工商大学杭州商学院_China", "user": 27}, {"id": 117, "description": "安徽建筑大学_China", "user": 27}, {"id": 118, "description": "内蒙古民族大学_China", "user": 66}, {"id": 119, "description": "湖南科技大学_China", "user": 2}, {"id": 120, "description": "中国社会科学院大学_China", "user": 67}, {"id": 121, "description": "哈尔滨理工大学_China", "user": 20}, {"id": 122, "description": "河南理工大学_China", "user": 68}, {"id": 124, "description": "安徽大学_China", "user": 223}, {"id": 125, "description": "辽宁工业大学_China", "user": 32}, {"id": 126, "description": "南开大学_China", "user": 220}, {"id": 127, "description": "深圳北理莫斯科大学_China", "user": 16}, {"id": 129, "description": "西北政法大学_China", "user": 32}, {"id": 130, "description": "华中农业大学_China", "user": 220}, {"id": 131, "description": "咸阳师范学院_China", "user": 71}, {"id": 133, "description": "湖南第一师范学院_China", "user": 222}, {"id": 135, "description": "首钢工学院_China", "user": 219}, {"id": 136, "description": "南京工业大学_China", "user": 49}, {"id": 137, "description": "北京石油化工学院_China", "user": 20}, {"id": 139, "description": "安徽医科大学_China", "user": 17}, {"id": 140, "description": "华南理工大学_China", "user": 222}, {"id": 141, "description": "浙江农林大学_China", "user": 1}, {"id": 144, "description": "湖南工学院_China", "user": 7}, {"id": 145, "description": "哈尔滨商业大学_China", "user": 77}, {"id": 147, "description": "西安理工大学高科学院_China", "user": 79}, {"id": 148, "description": "广西科技大学_China", "user": 221}, {"id": 150, "description": "安徽工业大学_China", "user": 81}, {"id": 153, "description": "西安理工大学_China", "user": 79}, {"id": 154, "description": "中国医科大学_China", "user": 84}, {"id": 155, "description": "西安医学院_China", "user": 219}, {"id": 156, "description": "长沙医学院_China", "user": 220}, {"id": 157, "description": "南京航空航天大学_China", "user": 222}, {"id": 158, "description": "东莞理工学院_China", "user": 219}, {"id": 159, "description": "郑州师范学院_China", "user": 7}, {"id": 161, "description": "西南财经大学_China", "user": 220}, {"id": 163, "description": "对外经济贸易大学_China", "user": 33}, {"id": 164, "description": "江西中医药大学_China", "user": 26}, {"id": 165, "description": "南京医科大学_China", "user": 49}, {"id": 167, "description": "华南师范大学_China", "user": 49}, {"id": 168, "description": "青海大学_China", "user": 4}, {"id": 169, "description": "成都中医药大学_China", "user": 88}, {"id": 171, "description": "北京中医药大学_China", "user": 32}, {"id": 172, "description": "淮南联合大学_China", "user": 7}, {"id": 173, "description": "武汉工程大学_China", "user": 26}, {"id": 174, "description": "武汉科技大学_China", "user": 219}, {"id": 175, "description": "东北电力大学_China", "user": 7}, {"id": 176, "description": "山东华宇工学院_China", "user": 90}, {"id": 177, "description": "海南医学院_China", "user": 91}, {"id": 180, "description": "天津大学_China", "user": 220}, {"id": 181, "description": "贵州师范学院_China", "user": 221}, {"id": 182, "description": "上海财经大学_China", "user": 94}, {"id": 184, "description": "西北大学_China", "user": 220}, {"id": 185, "description": "福建商学院_China", "user": 96}, {"id": 186, "description": "桂林医学院_China", "user": 91}, {"id": 188, "description": "滇西科技师范学院_China", "user": 15}, {"id": 189, "description": "华中科技大学_China", "user": 25}, {"id": 190, "description": "天水师范学院_China", "user": 4}, {"id": 191, "description": "长江大学_China", "user": 5}, {"id": 192, "description": "黄冈师范学院_China", "user": 36}, {"id": 193, "description": "陕西理工大学_China", "user": 223}, {"id": 195, "description": "淮海工学院_China", "user": 223}, {"id": 196, "description": "贵州理工学院_China", "user": 8}, {"id": 197, "description": "天津理工大学_China", "user": 21}, {"id": 199, "description": "河北农业大学_China", "user": 27}, {"id": 200, "description": "烟台大学_China", "user": 219}, {"id": 201, "description": "东北大学_China", "user": 221}, {"id": 204, "description": "浙江大学宁波理工学院_China", "user": 220}, {"id": 205, "description": "上海应用技术大学_China", "user": 44}, {"id": 206, "description": "东华理工大学_China", "user": 67}, {"id": 208, "description": "广西大学_China", "user": 14}, {"id": 209, "description": "山东师范大学_China", "user": 1}, {"id": 210, "description": "吉林建筑大学_China", "user": 223}, {"id": 211, "description": "南方科技大学_China", "user": 7}, {"id": 213, "description": "中南大学_China", "user": 0}, {"id": 214, "description": "河南农业大学_China", "user": 1}, {"id": 215, "description": "成都信息工程大学_China", "user": 59}, {"id": 220, "description": "湘潭大学_China", "user": 3}, {"id": 222, "description": "西安科技大学_China", "user": 109}, {"id": 223, "description": "中国人民大学_China", "user": 2}, {"id": 224, "description": "黑龙江中医药大学_China", "user": 40}, {"id": 226, "description": "西安电子科技大学_China", "user": 33}, {"id": 227, "description": "川北医学院_China", "user": 221}, {"id": 230, "description": "安阳工学院_China", "user": 222}, {"id": 231, "description": "首都经济贸易大学_China", "user": 4}, {"id": 232, "description": "首都师范大学_China", "user": 109}, {"id": 233, "description": "赣南师范大学_China", "user": 221}, {"id": 234, "description": "信阳师范学院_China", "user": 219}, {"id": 235, "description": "新疆医科大学厚博学院_China", "user": 113}, {"id": 236, "description": "上海交通大学_China", "user": 22}, {"id": 237, "description": "山西大同大学_China", "user": 114}, {"id": 238, "description": "延边大学_China", "user": 219}, {"id": 239, "description": "齐齐哈尔大学_China", "user": 220}, {"id": 240, "description": "北京联合大学_China", "user": 115}, {"id": 241, "description": "中国矿业大学_China", "user": 223}, {"id": 242, "description": "扬州市职业大学_China", "user": 46}, {"id": 243, "description": "北方民族大学_China", "user": 221}, {"id": 245, "description": "西安工程大学_China", "user": 117}, {"id": 246, "description": "内蒙古科技大学_China", "user": 22}, {"id": 247, "description": "山东农业大学_China", "user": 219}, {"id": 248, "description": "福州大学_China", "user": 109}, {"id": 250, "description": "河南师范大学_China", "user": 33}, {"id": 251, "description": "中南民族大学_China", "user": 219}, {"id": 252, "description": "长安大学_China", "user": 119}, {"id": 254, "description": "北京航空航天大学_China", "user": 222}, {"id": 255, "description": "华侨大学_China", "user": 121}, {"id": 256, "description": "西交利物浦大学_China", "user": 32}, {"id": 257, "description": "北京邮电大学_China", "user": 122}, {"id": 258, "description": "河北师范大学_China", "user": 113}, {"id": 260, "description": "天津市职业大学_China", "user": 17}, {"id": 261, "description": "江苏科技大学_China", "user": 219}, {"id": 264, "description": "兰州财经大学_China", "user": 7}, {"id": 265, "description": "成都医学院_China", "user": 14}, {"id": 266, "description": "新疆职业大学_China", "user": 20}, {"id": 267, "description": "长春中医药大学_China", "user": 32}, {"id": 268, "description": "三峡大学_China", "user": 54}, {"id": 270, "description": "大连理工大学_China", "user": 220}, {"id": 271, "description": "湖南工业大学_China", "user": 7}, {"id": 272, "description": "安徽农业大学_China", "user": 219}, {"id": 273, "description": "内蒙古财经大学_China", "user": 27}, {"id": 274, "description": "荆楚理工学院_China", "user": 127}, {"id": 276, "description": "大连海洋大学_China", "user": 42}, {"id": 278, "description": "景德镇陶瓷大学_China", "user": 27}, {"id": 280, "description": "杭州师范大学_China", "user": 20}, {"id": 281, "description": "浙江财经大学_China", "user": 2}, {"id": 282, "description": "内蒙古医科大学_China", "user": 220}, {"id": 283, "description": "云南师范大学文理学院_China", "user": 14}, {"id": 284, "description": "西安交通大学_China", "user": 131}, {"id": 285, "description": "滨州医学院_China", "user": 221}, {"id": 286, "description": "中北大学_China", "user": 114}, {"id": 287, "description": "重庆第二师范学院_China", "user": 220}, {"id": 289, "description": "新疆师范大学_China", "user": 43}, {"id": 290, "description": "新乡医学院_China", "user": 122}, {"id": 291, "description": "湖北工业大学_China", "user": 219}, {"id": 292, "description": "广东理工学院_China", "user": 220}, {"id": 294, "description": "泉州师范学院_China", "user": 25}, {"id": 295, "description": "浙江大学_China", "user": 134}, {"id": 296, "description": "河南工学院_China", "user": 220}, {"id": 297, "description": "中南财经政法大学_China", "user": 27}, {"id": 298, "description": "河南中医药大学_China", "user": 88}, {"id": 299, "description": "安徽医科大学临床医学院_China", "user": 17}, {"id": 301, "description": "南昌师范学院_China", "user": 220}, {"id": 302, "description": "内蒙古工业大学_China", "user": 222}, {"id": 303, "description": "韩山师范学院_China", "user": 219}, {"id": 305, "description": "湖北师范大学文理学院_China", "user": 137}, {"id": 306, "description": "山东大学_China", "user": 27}, {"id": 308, "description": "武汉纺织大学_China", "user": 222}, {"id": 309, "description": "沈阳工业大学_China", "user": 139}, {"id": 311, "description": "遵义医学院_China", "user": 127}, {"id": 312, "description": "上海科技大学_China", "user": 223}, {"id": 313, "description": "商丘师范学院_China", "user": 40}, {"id": 314, "description": "陕西学前师范学院_China", "user": 141}, {"id": 315, "description": "北京语言大学_China", "user": 5}, {"id": 316, "description": "安徽中医药大学_China", "user": 119}, {"id": 317, "description": "辽宁理工学院_China", "user": 20}, {"id": 318, "description": "东北林业大学_China", "user": 10}, {"id": 320, "description": "济南大学_China", "user": 114}, {"id": 321, "description": "山西农业大学_China", "user": 7}, {"id": 322, "description": "中国海洋大学_China", "user": 90}, {"id": 323, "description": "安徽师范大学_China", "user": 223}, {"id": 324, "description": "南京理工大学_China", "user": 7}, {"id": 325, "description": "复旦大学_China", "user": 220}, {"id": 326, "description": "北方工业大学_China", "user": 143}, {"id": 327, "description": "西南大学_China", "user": 17}, {"id": 328, "description": "天津职业技术师范大学_China", "user": 2}, {"id": 331, "description": "吉林农业大学_China", "user": 1}, {"id": 332, "description": "青岛科技大学_China", "user": 32}, {"id": 334, "description": "牡丹江医学院_China", "user": 147}, {"id": 335, "description": "上海大学_China", "user": 66}, {"id": 336, "description": "南京师范大学_China", "user": 36}, {"id": 337, "description": "常州大学_China", "user": 7}, {"id": 338, "description": "广东以色列理工学院_China", "user": 94}, {"id": 340, "description": "昆明理工大学_China", "user": 71}, {"id": 341, "description": "河北地质大学_China", "user": 223}, {"id": 342, "description": "电子科技大学_China", "user": 219}, {"id": 343, "description": "长春工业大学_China", "user": 2}, {"id": 344, "description": "青岛大学_China", "user": 12}, {"id": 345, "description": "安徽理工大学_China", "user": 36}, {"id": 346, "description": "西安工业大学_China", "user": 96}, {"id": 348, "description": "常州工学院_China", "user": 1}, {"id": 349, "description": "上海政法学院_China", "user": 109}, {"id": 351, "description": "华东交通大学_China", "user": 3}, {"id": 356, "description": "上海海事大学_China", "user": 32}, {"id": 357, "description": "天津师范大学_China", "user": 113}, {"id": 358, "description": "伊犁师范学院_China", "user": 1}, {"id": 359, "description": "武汉轻工大学_China", "user": 8}, {"id": 360, "description": "北京科技大学_China", "user": 27}, {"id": 362, "description": "绍兴文理学院_China", "user": 84}, {"id": 364, "description": "北京农学院_China", "user": 1}, {"id": 366, "description": "兴义民族师范学院_China", "user": 7}, {"id": 367, "description": "天津医科大学_China", "user": 223}, {"id": 368, "description": "北京林业大学_China", "user": 158}, {"id": 369, "description": "鄂州职业大学_China", "user": 222}, {"id": 370, "description": "焦作大学_China", "user": 220}, {"id": 371, "description": "四川师范大学_China", "user": 219}, {"id": 373, "description": "长春理工大学_China", "user": 17}, {"id": 374, "description": "贵州医科大学_China", "user": 19}, {"id": 376, "description": "江西理工大学_China", "user": 18}, {"id": 378, "description": "黄淮学院_China", "user": 7}, {"id": 380, "description": "黑龙江大学_China", "user": 163}, {"id": 381, "description": "云南师范大学商学院_China", "user": 53}, {"id": 382, "description": "武汉商学院_China", "user": 17}, {"id": 383, "description": "成都文理学院_China", "user": 28}, {"id": 384, "description": "桂林电子科技大学_China", "user": 20}, {"id": 385, "description": "淮阴工学院_China", "user": 58}, {"id": 387, "description": "天津工业大学_China", "user": 220}, {"id": 388, "description": "厦门大学_China", "user": 44}, {"id": 389, "description": "齐鲁师范学院_China", "user": 114}, {"id": 391, "description": "大连民族大学_China", "user": 134}, {"id": 392, "description": "西安邮电大学_China", "user": 2}, {"id": 393, "description": "西南林业大学_China", "user": 30}, {"id": 394, "description": "上海工程技术大学_China", "user": 221}, {"id": 396, "description": "长春师范大学_China", "user": 88}, {"id": 397, "description": "白城师范学院_China", "user": 167}, {"id": 398, "description": "沈阳航空航天大学_China", "user": 20}, {"id": 399, "description": "中国科学技术大学_China", "user": 20}, {"id": 400, "description": "云南财经大学_China", "user": 223}, {"id": 401, "description": "武昌工学院_China", "user": 71}, {"id": 402, "description": "琼台师范学院_China", "user": 223}, {"id": 403, "description": "吉林大学_China", "user": 77}, {"id": 404, "description": "营口理工学院_China", "user": 141}, {"id": 405, "description": "徐州医科大学_China", "user": 27}, {"id": 406, "description": "北京信息科技大学_China", "user": 14}, {"id": 407, "description": "广州中医药大学_China", "user": 147}, {"id": 409, "description": "北京大学_China", "user": 114}, {"id": 410, "description": "重庆医科大学_China", "user": 114}, {"id": 412, "description": "温州肯恩大学_China", "user": 220}, {"id": 414, "description": "天津中医药大学_China", "user": 7}, {"id": 415, "description": "太原师范学院_China", "user": 2}, {"id": 417, "description": "武汉大学_China", "user": 25}, {"id": 418, "description": "东华大学_China", "user": 94}, {"id": 421, "description": "南方医科大学_China", "user": 33}, {"id": 422, "description": "北京师范大学珠海分校_China", "user": 137}, {"id": 423, "description": "山西中医药大学_China", "user": 223}, {"id": 424, "description": "重庆工商大学_China", "user": 2}, {"id": 425, "description": "太原理工大学_China", "user": 36}, {"id": 427, "description": "青岛工学院_China", "user": 139}, {"id": 428, "description": "江苏大学_China", "user": 219}, {"id": 429, "description": "河北民族师范学院_China", "user": 21}, {"id": 430, "description": "宁夏理工学院_China", "user": 5}, {"id": 431, "description": "宁夏师范学院_China", "user": 47}, {"id": 432, "description": "北京师范大学_China", "user": 137}, {"id": 433, "description": "华北电力大学_China", "user": 1}, {"id": 434, "description": "新疆农业大学_China", "user": 30}, {"id": 435, "description": "中国农业大学_China", "user": 49}, {"id": 436, "description": "吉林师范大学_China", "user": 2}, {"id": 437, "description": "西北师范大学_China", "user": 27}, {"id": 438, "description": "浙江工商大学_China", "user": 18}, {"id": 439, "description": "南京信息工程大学_China", "user": 66}, {"id": 440, "description": "重庆交通大学_China", "user": 60}, {"id": 441, "description": "厦门理工学院_China", "user": 21}, {"id": 442, "description": "辽宁石油化工大学_China", "user": 7}, {"id": 445, "description": "西藏大学_China", "user": 177}, {"id": 454, "description": "集美大学_China", "user": 186}, {"id": 456, "description": "河北大学_China", "user": 114}, {"id": 457, "description": "哈尔滨医科大学_China", "user": 220}, {"id": 458, "description": "北京协和医学院_China", "user": 188}, {"id": 460, "description": "广州大学_China", "user": 188}, {"id": 462, "description": "成都师范学院_China", "user": 10}, {"id": 463, "description": "河北工业大学_China", "user": 223}, {"id": 464, "description": "南京林业大学_China", "user": 45}, {"id": 465, "description": "皖西学院_China", "user": 81}, {"id": 467, "description": "安阳师范学院_China", "user": 109}, {"id": 468, "description": "忻州师范学院_China", "user": 143}, {"id": 471, "description": "兰州大学_China", "user": 222}, {"id": 472, "description": "郑州大学_China", "user": 177}, {"id": 475, "description": "中国矿业大学（北京）_China", "user": 5}, {"id": 477, "description": "山东中医药大学_China", "user": 14}, {"id": 478, "description": "河南工业大学_China", "user": 117}, {"id": 479, "description": "仰恩大学_China", "user": 121}, {"id": 480, "description": "九江职业大学_China", "user": 10}, {"id": 481, "description": "哈尔滨工业大学_China", "user": 197}, {"id": 482, "description": "贵州财经大学_China", "user": 5}, {"id": 483, "description": "同济大学_China", "user": 27}, {"id": 484, "description": "中国计量大学_China", "user": 22}, {"id": 485, "description": "成都理工大学_China", "user": 221}, {"id": 486, "description": "宁波诺丁汉大学_China", "user": 16}, {"id": 487, "description": "辽宁大学_China", "user": 14}, {"id": 488, "description": "山东财经大学_China", "user": 220}, {"id": 489, "description": "喀什大学_China", "user": 1}, {"id": 490, "description": "上海师范大学_China", "user": 115}, {"id": 491, "description": "青岛理工大学_China", "user": 17}, {"id": 492, "description": "南昌大学_China", "user": 198}, {"id": 493, "description": "兰州文理学院_China", "user": 167}, {"id": 494, "description": "东北师范大学_China", "user": 2}, {"id": 496, "description": "暨南大学_China", "user": 36}, {"id": 497, "description": "南昌航空大学_China", "user": 68}, {"id": 500, "description": "井冈山大学_China", "user": 50}, {"id": 501, "description": "集宁师范学院_China", "user": 14}, {"id": 503, "description": "广西医科大学_China", "user": 222}, {"id": 504, "description": "西南石油大学_China", "user": 141}, {"id": 505, "description": "中国地质大学（武汉）_China", "user": 5}, {"id": 506, "description": "甘肃中医药大学_China", "user": 197}, {"id": 507, "description": "长沙理工大学_China", "user": 220}, {"id": 508, "description": "沈阳建筑大学_China", "user": 131}, {"id": 515, "description": "深圳大学_China", "user": 114}, {"id": 516, "description": "长沙师范学院_China", "user": 220}, {"id": 517, "description": "中国人民公安大学_China", "user": 7}, {"id": 518, "description": "首都医科大学_China", "user": 27}, {"id": 519, "description": "福建中医药大学_China", "user": 7}, {"id": 520, "description": "临沂大学_China", "user": 186}, {"id": 521, "description": "塔里木大学_China", "user": 134}, {"id": 522, "description": "河北科技师范学院_China", "user": 163}, {"id": 523, "description": "洛阳师范学院_China", "user": 158}, {"id": 525, "description": "四川农业大学_China", "user": 17}, {"id": 526, "description": "华东师范大学_China", "user": 114}, {"id": 529, "description": "辽宁科技大学_China", "user": 5}, {"id": 532, "description": "西北民族大学_China", "user": 50}, {"id": 533, "description": "南京审计大学_China", "user": 59}, {"id": 534, "description": "济宁医学院_China", "user": 223}, {"id": 535, "description": "杭州电子科技大学_China", "user": 141}, {"id": 537, "description": "鲁东大学_China", "user": 219}, {"id": 539, "description": "洛阳理工学院_China", "user": 220}, {"id": 540, "description": "南阳师范学院_China", "user": 52}, {"id": 541, "description": "东北农业大学_China", "user": 32}, {"id": 542, "description": "楚雄师范学院_China", "user": 198}, {"id": 544, "description": "西南民族大学_China", "user": 177}, {"id": 547, "description": "烟台大学文经学院_China", "user": 68}, {"id": 548, "description": "齐齐哈尔医学院_China", "user": 221}, {"id": 549, "description": "南阳理工学院_China", "user": 2}, {"id": 550, "description": "辽宁何氏医学院_China", "user": 81}]}