{
    "links": [
        {
            "source": 0,
            "target": 244
        },
        {
            "source": 2,
            "target": 197
        },
        {
            "source": 2,
            "target": 483
        },
        {
            "source": 4,
            "target": 260
        },
        {
            "source": 5,
            "target": 159
        },
        {
            "source": 5,
            "target": 298
        },
        {
            "source": 5,
            "target": 382
        },
        {
            "source": 5,
            "target": 429
        },
        {
            "source": 5,
            "target": 565
        },
        {
            "source": 6,
            "target": 431
        },
        {
            "source": 6,
            "target": 546
        },
        {
            "source": 7,
            "target": 452
        },
        {
            "source": 8,
            "target": 383
        },
        {
            "source": 8,
            "target": 465
        },
        {
            "source": 8,
            "target": 518
        },
        {
            "source": 9,
            "target": 51
        },
        {
            "source": 9,
            "target": 357
        },
        {
            "source": 11,
            "target": 296
        },
        {
            "source": 11,
            "target": 520
        },
        {
            "source": 13,
            "target": 158
        },
        {
            "source": 13,
            "target": 405
        },
        {
            "source": 14,
            "target": 205
        },
        {
            "source": 14,
            "target": 281
        },
        {
            "source": 14,
            "target": 306
        },
        {
            "source": 14,
            "target": 397
        },
        {
            "source": 14,
            "target": 508
        },
        {
            "source": 14,
            "target": 577
        },
        {
            "source": 15,
            "target": 110
        },
        {
            "source": 15,
            "target": 295
        },
        {
            "source": 15,
            "target": 497
        },
        {
            "source": 16,
            "target": 57
        },
        {
            "source": 16,
            "target": 195
        },
        {
            "source": 17,
            "target": 282
        },
        {
            "source": 17,
            "target": 368
        },
        {
            "source": 17,
            "target": 406
        },
        {
            "source": 19,
            "target": 79
        },
        {
            "source": 20,
            "target": 277
        },
        {
            "source": 20,
            "target": 394
        },
        {
            "source": 21,
            "target": 152
        },
        {
            "source": 23,
            "target": 191
        },
        {
            "source": 23,
            "target": 503
        },
        {
            "source": 24,
            "target": 49
        },
        {
            "source": 24,
            "target": 183
        },
        {
            "source": 24,
            "target": 344
        },
        {
            "source": 25,
            "target": 191
        },
        {
            "source": 25,
            "target": 502
        },
        {
            "source": 27,
            "target": 226
        },
        {
            "source": 28,
            "target": 149
        },
        {
            "source": 29,
            "target": 87
        },
        {
            "source": 29,
            "target": 196
        },
        {
            "source": 29,
            "target": 294
        },
        {
            "source": 30,
            "target": 227
        },
        {
            "source": 30,
            "target": 428
        },
        {
            "source": 30,
            "target": 473
        },
        {
            "source": 30,
            "target": 510
        },
        {
            "source": 32,
            "target": 496
        },
        {
            "source": 34,
            "target": 293
        },
        {
            "source": 36,
            "target": 346
        },
        {
            "source": 37,
            "target": 272
        },
        {
            "source": 38,
            "target": 65
        },
        {
            "source": 39,
            "target": 146
        },
        {
            "source": 40,
            "target": 488
        },
        {
            "source": 40,
            "target": 525
        },
        {
            "source": 42,
            "target": 434
        },
        {
            "source": 42,
            "target": 541
        },
        {
            "source": 43,
            "target": 289
        },
        {
            "source": 45,
            "target": 76
        },
        {
            "source": 45,
            "target": 523
        },
        {
            "source": 46,
            "target": 104
        },
        {
            "source": 47,
            "target": 428
        },
        {
            "source": 48,
            "target": 320
        },
        {
            "source": 48,
            "target": 464
        },
        {
            "source": 49,
            "target": 96
        },
        {
            "source": 49,
            "target": 302
        },
        {
            "source": 49,
            "target": 438
        },
        {
            "source": 50,
            "target": 110
        },
        {
            "source": 50,
            "target": 448
        },
        {
            "source": 52,
            "target": 145
        },
        {
            "source": 52,
            "target": 448
        },
        {
            "source": 53,
            "target": 241
        },
        {
            "source": 53,
            "target": 359
        },
        {
            "source": 54,
            "target": 414
        },
        {
            "source": 54,
            "target": 491
        },
        {
            "source": 54,
            "target": 521
        },
        {
            "source": 55,
            "target": 165
        },
        {
            "source": 56,
            "target": 229
        },
        {
            "source": 56,
            "target": 343
        },
        {
            "source": 57,
            "target": 331
        },
        {
            "source": 57,
            "target": 538
        },
        {
            "source": 57,
            "target": 587
        },
        {
            "source": 58,
            "target": 457
        },
        {
            "source": 61,
            "target": 257
        },
        {
            "source": 62,
            "target": 345
        },
        {
            "source": 64,
            "target": 202
        },
        {
            "source": 64,
            "target": 412
        },
        {
            "source": 64,
            "target": 447
        },
        {
            "source": 64,
            "target": 566
        },
        {
            "source": 65,
            "target": 93
        },
        {
            "source": 65,
            "target": 321
        },
        {
            "source": 65,
            "target": 341
        },
        {
            "source": 66,
            "target": 111
        },
        {
            "source": 66,
            "target": 480
        },
        {
            "source": 66,
            "target": 558
        },
        {
            "source": 67,
            "target": 126
        },
        {
            "source": 68,
            "target": 517
        },
        {
            "source": 68,
            "target": 598
        },
        {
            "source": 69,
            "target": 438
        },
        {
            "source": 71,
            "target": 501
        },
        {
            "source": 72,
            "target": 574
        },
        {
            "source": 73,
            "target": 238
        },
        {
            "source": 74,
            "target": 130
        },
        {
            "source": 74,
            "target": 178
        },
        {
            "source": 75,
            "target": 218
        },
        {
            "source": 75,
            "target": 290
        },
        {
            "source": 76,
            "target": 466
        },
        {
            "source": 76,
            "target": 523
        },
        {
            "source": 76,
            "target": 562
        },
        {
            "source": 77,
            "target": 96
        },
        {
            "source": 77,
            "target": 183
        },
        {
            "source": 78,
            "target": 601
        },
        {
            "source": 80,
            "target": 82
        },
        {
            "source": 80,
            "target": 245
        },
        {
            "source": 80,
            "target": 387
        },
        {
            "source": 80,
            "target": 539
        },
        {
            "source": 81,
            "target": 416
        },
        {
            "source": 81,
            "target": 425
        },
        {
            "source": 82,
            "target": 387
        },
        {
            "source": 82,
            "target": 534
        },
        {
            "source": 83,
            "target": 103
        },
        {
            "source": 84,
            "target": 188
        },
        {
            "source": 84,
            "target": 504
        },
        {
            "source": 85,
            "target": 513
        },
        {
            "source": 86,
            "target": 499
        },
        {
            "source": 87,
            "target": 266
        },
        {
            "source": 88,
            "target": 407
        },
        {
            "source": 94,
            "target": 133
        },
        {
            "source": 95,
            "target": 117
        },
        {
            "source": 95,
            "target": 534
        },
        {
            "source": 95,
            "target": 535
        },
        {
            "source": 96,
            "target": 438
        },
        {
            "source": 97,
            "target": 542
        },
        {
            "source": 98,
            "target": 436
        },
        {
            "source": 100,
            "target": 124
        },
        {
            "source": 100,
            "target": 168
        },
        {
            "source": 100,
            "target": 186
        },
        {
            "source": 101,
            "target": 392
        },
        {
            "source": 101,
            "target": 454
        },
        {
            "source": 102,
            "target": 214
        },
        {
            "source": 102,
            "target": 402
        },
        {
            "source": 103,
            "target": 145
        },
        {
            "source": 103,
            "target": 265
        },
        {
            "source": 103,
            "target": 479
        },
        {
            "source": 103,
            "target": 491
        },
        {
            "source": 105,
            "target": 415
        },
        {
            "source": 106,
            "target": 290
        },
        {
            "source": 106,
            "target": 350
        },
        {
            "source": 106,
            "target": 356
        },
        {
            "source": 106,
            "target": 364
        },
        {
            "source": 106,
            "target": 489
        },
        {
            "source": 107,
            "target": 133
        },
        {
            "source": 107,
            "target": 399
        },
        {
            "source": 107,
            "target": 468
        },
        {
            "source": 107,
            "target": 493
        },
        {
            "source": 108,
            "target": 400
        },
        {
            "source": 109,
            "target": 162
        },
        {
            "source": 110,
            "target": 150
        },
        {
            "source": 113,
            "target": 601
        },
        {
            "source": 114,
            "target": 180
        },
        {
            "source": 114,
            "target": 263
        },
        {
            "source": 115,
            "target": 129
        },
        {
            "source": 115,
            "target": 221
        },
        {
            "source": 116,
            "target": 445
        },
        {
            "source": 116,
            "target": 495
        },
        {
            "source": 117,
            "target": 534
        },
        {
            "source": 117,
            "target": 539
        },
        {
            "source": 118,
            "target": 422
        },
        {
            "source": 119,
            "target": 315
        },
        {
            "source": 121,
            "target": 261
        },
        {
            "source": 121,
            "target": 532
        },
        {
            "source": 123,
            "target": 401
        },
        {
            "source": 123,
            "target": 524
        },
        {
            "source": 125,
            "target": 432
        },
        {
            "source": 127,
            "target": 372
        },
        {
            "source": 127,
            "target": 581
        },
        {
            "source": 129,
            "target": 221
        },
        {
            "source": 130,
            "target": 178
        },
        {
            "source": 131,
            "target": 545
        },
        {
            "source": 132,
            "target": 424
        },
        {
            "source": 132,
            "target": 564
        },
        {
            "source": 133,
            "target": 468
        },
        {
            "source": 133,
            "target": 524
        },
        {
            "source": 134,
            "target": 339
        },
        {
            "source": 137,
            "target": 261
        },
        {
            "source": 137,
            "target": 497
        },
        {
            "source": 138,
            "target": 485
        },
        {
            "source": 140,
            "target": 442
        },
        {
            "source": 140,
            "target": 475
        },
        {
            "source": 142,
            "target": 229
        },
        {
            "source": 144,
            "target": 402
        },
        {
            "source": 146,
            "target": 245
        },
        {
            "source": 147,
            "target": 251
        },
        {
            "source": 148,
            "target": 320
        },
        {
            "source": 150,
            "target": 256
        },
        {
            "source": 151,
            "target": 201
        },
        {
            "source": 152,
            "target": 338
        },
        {
            "source": 156,
            "target": 412
        },
        {
            "source": 156,
            "target": 454
        },
        {
            "source": 156,
            "target": 488
        },
        {
            "source": 156,
            "target": 593
        },
        {
            "source": 157,
            "target": 597
        },
        {
            "source": 158,
            "target": 165
        },
        {
            "source": 158,
            "target": 509
        },
        {
            "source": 159,
            "target": 258
        },
        {
            "source": 159,
            "target": 326
        },
        {
            "source": 159,
            "target": 453
        },
        {
            "source": 159,
            "target": 565
        },
        {
            "source": 160,
            "target": 278
        },
        {
            "source": 161,
            "target": 435
        },
        {
            "source": 162,
            "target": 451
        },
        {
            "source": 163,
            "target": 234
        },
        {
            "source": 163,
            "target": 239
        },
        {
            "source": 163,
            "target": 280
        },
        {
            "source": 163,
            "target": 392
        },
        {
            "source": 165,
            "target": 509
        },
        {
            "source": 166,
            "target": 184
        },
        {
            "source": 166,
            "target": 270
        },
        {
            "source": 166,
            "target": 315
        },
        {
            "source": 168,
            "target": 186
        },
        {
            "source": 171,
            "target": 496
        },
        {
            "source": 172,
            "target": 252
        },
        {
            "source": 172,
            "target": 437
        },
        {
            "source": 172,
            "target": 441
        },
        {
            "source": 172,
            "target": 569
        },
        {
            "source": 175,
            "target": 196
        },
        {
            "source": 176,
            "target": 403
        },
        {
            "source": 176,
            "target": 556
        },
        {
            "source": 177,
            "target": 235
        },
        {
            "source": 180,
            "target": 263
        },
        {
            "source": 180,
            "target": 408
        },
        {
            "source": 183,
            "target": 192
        },
        {
            "source": 185,
            "target": 275
        },
        {
            "source": 187,
            "target": 388
        },
        {
            "source": 190,
            "target": 414
        },
        {
            "source": 191,
            "target": 503
        },
        {
            "source": 192,
            "target": 314
        },
        {
            "source": 192,
            "target": 343
        },
        {
            "source": 192,
            "target": 370
        },
        {
            "source": 192,
            "target": 471
        },
        {
            "source": 192,
            "target": 536
        },
        {
            "source": 194,
            "target": 289
        },
        {
            "source": 196,
            "target": 294
        },
        {
            "source": 197,
            "target": 433
        },
        {
            "source": 198,
            "target": 403
        },
        {
            "source": 199,
            "target": 209
        },
        {
            "source": 200,
            "target": 515
        },
        {
            "source": 202,
            "target": 447
        },
        {
            "source": 203,
            "target": 398
        },
        {
            "source": 205,
            "target": 281
        },
        {
            "source": 205,
            "target": 508
        },
        {
            "source": 205,
            "target": 577
        },
        {
            "source": 206,
            "target": 241
        },
        {
            "source": 206,
            "target": 481
        },
        {
            "source": 207,
            "target": 351
        },
        {
            "source": 207,
            "target": 363
        },
        {
            "source": 207,
            "target": 404
        },
        {
            "source": 208,
            "target": 403
        },
        {
            "source": 211,
            "target": 245
        },
        {
            "source": 211,
            "target": 441
        },
        {
            "source": 212,
            "target": 291
        },
        {
            "source": 212,
            "target": 500
        },
        {
            "source": 213,
            "target": 359
        },
        {
            "source": 215,
            "target": 379
        },
        {
            "source": 216,
            "target": 424
        },
        {
            "source": 220,
            "target": 316
        },
        {
            "source": 221,
            "target": 354
        },
        {
            "source": 221,
            "target": 442
        },
        {
            "source": 222,
            "target": 293
        },
        {
            "source": 222,
            "target": 509
        },
        {
            "source": 223,
            "target": 445
        },
        {
            "source": 224,
            "target": 554
        },
        {
            "source": 225,
            "target": 476
        },
        {
            "source": 226,
            "target": 515
        },
        {
            "source": 227,
            "target": 267
        },
        {
            "source": 227,
            "target": 300
        },
        {
            "source": 227,
            "target": 428
        },
        {
            "source": 227,
            "target": 510
        },
        {
            "source": 228,
            "target": 433
        },
        {
            "source": 229,
            "target": 296
        },
        {
            "source": 231,
            "target": 559
        },
        {
            "source": 231,
            "target": 597
        },
        {
            "source": 232,
            "target": 383
        },
        {
            "source": 232,
            "target": 465
        },
        {
            "source": 234,
            "target": 239
        },
        {
            "source": 234,
            "target": 249
        },
        {
            "source": 234,
            "target": 392
        },
        {
            "source": 235,
            "target": 320
        },
        {
            "source": 235,
            "target": 565
        },
        {
            "source": 237,
            "target": 321
        },
        {
            "source": 237,
            "target": 357
        },
        {
            "source": 237,
            "target": 448
        },
        {
            "source": 239,
            "target": 392
        },
        {
            "source": 240,
            "target": 537
        },
        {
            "source": 242,
            "target": 430
        },
        {
            "source": 244,
            "target": 529
        },
        {
            "source": 246,
            "target": 349
        },
        {
            "source": 246,
            "target": 537
        },
        {
            "source": 246,
            "target": 550
        },
        {
            "source": 247,
            "target": 413
        },
        {
            "source": 247,
            "target": 518
        },
        {
            "source": 247,
            "target": 569
        },
        {
            "source": 249,
            "target": 487
        },
        {
            "source": 249,
            "target": 498
        },
        {
            "source": 250,
            "target": 461
        },
        {
            "source": 252,
            "target": 569
        },
        {
            "source": 252,
            "target": 595
        },
        {
            "source": 253,
            "target": 520
        },
        {
            "source": 254,
            "target": 517
        },
        {
            "source": 255,
            "target": 284
        },
        {
            "source": 256,
            "target": 291
        },
        {
            "source": 256,
            "target": 334
        },
        {
            "source": 257,
            "target": 322
        },
        {
            "source": 257,
            "target": 406
        },
        {
            "source": 257,
            "target": 573
        },
        {
            "source": 260,
            "target": 473
        },
        {
            "source": 261,
            "target": 295
        },
        {
            "source": 261,
            "target": 532
        },
        {
            "source": 265,
            "target": 479
        },
        {
            "source": 265,
            "target": 491
        },
        {
            "source": 265,
            "target": 497
        },
        {
            "source": 266,
            "target": 382
        },
        {
            "source": 268,
            "target": 312
        },
        {
            "source": 268,
            "target": 361
        },
        {
            "source": 268,
            "target": 505
        },
        {
            "source": 268,
            "target": 578
        },
        {
            "source": 273,
            "target": 348
        },
        {
            "source": 273,
            "target": 394
        },
        {
            "source": 274,
            "target": 338
        },
        {
            "source": 277,
            "target": 394
        },
        {
            "source": 277,
            "target": 436
        },
        {
            "source": 277,
            "target": 494
        },
        {
            "source": 281,
            "target": 306
        },
        {
            "source": 281,
            "target": 577
        },
        {
            "source": 283,
            "target": 571
        },
        {
            "source": 283,
            "target": 579
        },
        {
            "source": 286,
            "target": 413
        },
        {
            "source": 288,
            "target": 406
        },
        {
            "source": 290,
            "target": 356
        },
        {
            "source": 291,
            "target": 327
        },
        {
            "source": 291,
            "target": 357
        },
        {
            "source": 292,
            "target": 550
        },
        {
            "source": 293,
            "target": 486
        },
        {
            "source": 293,
            "target": 514
        },
        {
            "source": 295,
            "target": 497
        },
        {
            "source": 296,
            "target": 343
        },
        {
            "source": 298,
            "target": 409
        },
        {
            "source": 300,
            "target": 428
        },
        {
            "source": 300,
            "target": 473
        },
        {
            "source": 300,
            "target": 510
        },
        {
            "source": 303,
            "target": 432
        },
        {
            "source": 304,
            "target": 334
        },
        {
            "source": 304,
            "target": 424
        },
        {
            "source": 306,
            "target": 397
        },
        {
            "source": 306,
            "target": 577
        },
        {
            "source": 308,
            "target": 355
        },
        {
            "source": 308,
            "target": 472
        },
        {
            "source": 308,
            "target": 475
        },
        {
            "source": 310,
            "target": 361
        },
        {
            "source": 310,
            "target": 395
        },
        {
            "source": 310,
            "target": 578
        },
        {
            "source": 312,
            "target": 497
        },
        {
            "source": 312,
            "target": 505
        },
        {
            "source": 314,
            "target": 370
        },
        {
            "source": 314,
            "target": 471
        },
        {
            "source": 314,
            "target": 536
        },
        {
            "source": 315,
            "target": 601
        },
        {
            "source": 317,
            "target": 359
        },
        {
            "source": 324,
            "target": 551
        },
        {
            "source": 327,
            "target": 357
        },
        {
            "source": 327,
            "target": 500
        },
        {
            "source": 328,
            "target": 405
        },
        {
            "source": 329,
            "target": 592
        },
        {
            "source": 331,
            "target": 587
        },
        {
            "source": 335,
            "target": 382
        },
        {
            "source": 336,
            "target": 535
        },
        {
            "source": 340,
            "target": 421
        },
        {
            "source": 342,
            "target": 545
        },
        {
            "source": 343,
            "target": 536
        },
        {
            "source": 345,
            "target": 567
        },
        {
            "source": 347,
            "target": 487
        },
        {
            "source": 348,
            "target": 390
        },
        {
            "source": 348,
            "target": 533
        },
        {
            "source": 349,
            "target": 351
        },
        {
            "source": 350,
            "target": 351
        },
        {
            "source": 350,
            "target": 363
        },
        {
            "source": 351,
            "target": 452
        },
        {
            "source": 351,
            "target": 537
        },
        {
            "source": 354,
            "target": 436
        },
        {
            "source": 354,
            "target": 442
        },
        {
            "source": 354,
            "target": 494
        },
        {
            "source": 355,
            "target": 550
        },
        {
            "source": 356,
            "target": 489
        },
        {
            "source": 361,
            "target": 599
        },
        {
            "source": 363,
            "target": 404
        },
        {
            "source": 363,
            "target": 419
        },
        {
            "source": 365,
            "target": 574
        },
        {
            "source": 366,
            "target": 560
        },
        {
            "source": 368,
            "target": 406
        },
        {
            "source": 372,
            "target": 581
        },
        {
            "source": 375,
            "target": 449
        },
        {
            "source": 377,
            "target": 402
        },
        {
            "source": 377,
            "target": 415
        },
        {
            "source": 377,
            "target": 533
        },
        {
            "source": 383,
            "target": 465
        },
        {
            "source": 384,
            "target": 444
        },
        {
            "source": 387,
            "target": 539
        },
        {
            "source": 389,
            "target": 409
        },
        {
            "source": 389,
            "target": 429
        },
        {
            "source": 394,
            "target": 436
        },
        {
            "source": 396,
            "target": 424
        },
        {
            "source": 397,
            "target": 508
        },
        {
            "source": 397,
            "target": 577
        },
        {
            "source": 398,
            "target": 580
        },
        {
            "source": 399,
            "target": 493
        },
        {
            "source": 401,
            "target": 475
        },
        {
            "source": 401,
            "target": 524
        },
        {
            "source": 412,
            "target": 454
        },
        {
            "source": 413,
            "target": 594
        },
        {
            "source": 416,
            "target": 477
        },
        {
            "source": 418,
            "target": 548
        },
        {
            "source": 418,
            "target": 560
        },
        {
            "source": 422,
            "target": 486
        },
        {
            "source": 422,
            "target": 514
        },
        {
            "source": 426,
            "target": 576
        },
        {
            "source": 428,
            "target": 463
        },
        {
            "source": 432,
            "target": 434
        },
        {
            "source": 432,
            "target": 541
        },
        {
            "source": 433,
            "target": 588
        },
        {
            "source": 436,
            "target": 442
        },
        {
            "source": 436,
            "target": 494
        },
        {
            "source": 437,
            "target": 495
        },
        {
            "source": 437,
            "target": 595
        },
        {
            "source": 439,
            "target": 567
        },
        {
            "source": 441,
            "target": 569
        },
        {
            "source": 443,
            "target": 459
        },
        {
            "source": 445,
            "target": 499
        },
        {
            "source": 451,
            "target": 504
        },
        {
            "source": 451,
            "target": 524
        },
        {
            "source": 452,
            "target": 537
        },
        {
            "source": 453,
            "target": 512
        },
        {
            "source": 456,
            "target": 501
        },
        {
            "source": 459,
            "target": 596
        },
        {
            "source": 465,
            "target": 566
        },
        {
            "source": 469,
            "target": 472
        },
        {
            "source": 471,
            "target": 536
        },
        {
            "source": 478,
            "target": 507
        },
        {
            "source": 484,
            "target": 576
        },
        {
            "source": 485,
            "target": 573
        },
        {
            "source": 486,
            "target": 564
        },
        {
            "source": 491,
            "target": 521
        },
        {
            "source": 498,
            "target": 531
        },
        {
            "source": 508,
            "target": 577
        },
        {
            "source": 509,
            "target": 550
        },
        {
            "source": 513,
            "target": 552
        },
        {
            "source": 523,
            "target": 562
        },
        {
            "source": 524,
            "target": 557
        },
        {
            "source": 534,
            "target": 539
        },
        {
            "source": 538,
            "target": 587
        },
        {
            "source": 544,
            "target": 602
        },
        {
            "source": 546,
            "target": 590
        },
        {
            "source": 559,
            "target": 597
        },
        {
            "source": 564,
            "target": 568
        },
        {
            "source": 569,
            "target": 595
        },
        {
            "source": 593,
            "target": 594
        }
    ],
    "nodes": [
        {
            "id": 0,
            "description": "Stephenson College_UK",
            "user": 0
        },
        {
            "id": 2,
            "description": "湖南师范大学_China",
            "user": 2
        },
        {
            "id": 4,
            "description": "Nara University_Japan",
            "user": 4
        },
        {
            "id": 5,
            "description": "West Virginia University_USA_USA_USA",
            "user": 5
        },
        {
            "id": 6,
            "description": "Universit├⌐ de Moncton_Canada",
            "user": 6
        },
        {
            "id": 7,
            "description": "西北工业大学_China",
            "user": 7
        },
        {
            "id": 8,
            "description": "Kwangshin University_Korean",
            "user": 8
        },
        {
            "id": 9,
            "description": "Columbia University_USA_USA_USA",
            "user": 217
        },
        {
            "id": 11,
            "description": "南京师范大学_China",
            "user": 10
        },
        {
            "id": 13,
            "description": "Colorado State University_USA_USA_USA",
            "user": 218
        },
        {
            "id": 14,
            "description": "Dudley College of Technology_UK",
            "user": 12
        },
        {
            "id": 15,
            "description": "Moorlands College_UK",
            "user": 220
        },
        {
            "id": 16,
            "description": "University of Kentucky_USA_USA_USA",
            "user": 13
        },
        {
            "id": 17,
            "description": "Nanyang Technological University_Singapore",
            "user": 14
        },
        {
            "id": 19,
            "description": "University of Maryland - College Park_USA_USA_USA",
            "user": 16
        },
        {
            "id": 20,
            "description": "太原理工大学_China",
            "user": 216
        },
        {
            "id": 21,
            "description": "Bolton Community College_UK",
            "user": 17
        },
        {
            "id": 23,
            "description": "西南大学_China",
            "user": 19
        },
        {
            "id": 24,
            "description": "Maharaja Ganga Singh University_Indian",
            "user": 10
        },
        {
            "id": 25,
            "description": "东北大学_China",
            "user": 19
        },
        {
            "id": 27,
            "description": "International Christian College_UK",
            "user": 21
        },
        {
            "id": 28,
            "description": "Dong-Eui University_Korean",
            "user": 22
        },
        {
            "id": 29,
            "description": "Veer Chandra Singh Garhwali Uttarakhand University of Horticulture & Forestry_Indian",
            "user": 5
        },
        {
            "id": 30,
            "description": "University of Illinois at Chicago_USA_USA_USA",
            "user": 4
        },
        {
            "id": 32,
            "description": "Northeastern University_USA_USA_USA",
            "user": 24
        },
        {
            "id": 34,
            "description": "Hackney Community College_UK",
            "user": 218
        },
        {
            "id": 36,
            "description": "武汉大学_China",
            "user": 27
        },
        {
            "id": 37,
            "description": "Institute, The_UK",
            "user": 28
        },
        {
            "id": 38,
            "description": "University of W├╝rzburg_Germany",
            "user": 217
        },
        {
            "id": 39,
            "description": "Gifu Pharmaceutical University_Japan",
            "user": 215
        },
        {
            "id": 40,
            "description": "河北工业大学_China",
            "user": 8
        },
        {
            "id": 42,
            "description": "Ibaraki Christian University_Japan",
            "user": 30
        },
        {
            "id": 43,
            "description": "中国农业大学_China",
            "user": 31
        },
        {
            "id": 45,
            "description": "New York Institute of Technology (branch)_Canada",
            "user": 33
        },
        {
            "id": 46,
            "description": "Chalmers University_USA_USA_USA",
            "user": 34
        },
        {
            "id": 47,
            "description": "南京航空航天大学_China",
            "user": 4
        },
        {
            "id": 48,
            "description": "Korea Aerospace University_Korean",
            "user": 5
        },
        {
            "id": 49,
            "description": "Rani Durgavati Vishwavidyalaya_Indian",
            "user": 10
        },
        {
            "id": 50,
            "description": "Kyungpook National University_Korean",
            "user": 217
        },
        {
            "id": 51,
            "description": "University of Trier_Germany",
            "user": 217
        },
        {
            "id": 52,
            "description": "Brown University_USA_USA_USA",
            "user": 221
        },
        {
            "id": 53,
            "description": "University of Greifswald_Germany",
            "user": 35
        },
        {
            "id": 54,
            "description": "University of Freiburg_Germany",
            "user": 221
        },
        {
            "id": 55,
            "description": "Old Dominion University_USA_USA_USA",
            "user": 218
        },
        {
            "id": 56,
            "description": "北京外国语大学_China",
            "user": 10
        },
        {
            "id": 57,
            "description": "Northern College_UK",
            "user": 13
        },
        {
            "id": 58,
            "description": "Rochester Institute of Technology_USA_USA_USA",
            "user": 36
        },
        {
            "id": 61,
            "description": "Curtin University_Australia",
            "user": 14
        },
        {
            "id": 62,
            "description": "Jeonju National University of Education_Korean",
            "user": 39
        },
        {
            "id": 64,
            "description": "Wayne State University_USA_USA_USA",
            "user": 8
        },
        {
            "id": 65,
            "description": "University of Leipzig_Germany",
            "user": 217
        },
        {
            "id": 66,
            "description": "University of Bonn_Germany",
            "user": 41
        },
        {
            "id": 67,
            "description": "University of South Carolina_USA_USA_USA",
            "user": 42
        },
        {
            "id": 68,
            "description": "University of Rostock_Germany",
            "user": 43
        },
        {
            "id": 69,
            "description": "Rescue 3 UK Training Agency_UK",
            "user": 10
        },
        {
            "id": 71,
            "description": "Dr. Ram Manohar Lohia Avadh University_Indian",
            "user": 45
        },
        {
            "id": 72,
            "description": "辽宁大学_China",
            "user": 46
        },
        {
            "id": 73,
            "description": "University of California - Riverside_USA_USA_USA",
            "user": 47
        },
        {
            "id": 74,
            "description": "Tech Music Schools_UK",
            "user": 48
        },
        {
            "id": 75,
            "description": "Regents Theological College_UK",
            "user": 7
        },
        {
            "id": 76,
            "description": "Florida Atlantic University_USA_USA_USA",
            "user": 33
        },
        {
            "id": 77,
            "description": "University of California - Berkeley_USA_USA_USA",
            "user": 10
        },
        {
            "id": 78,
            "description": "Korean Bible University_Korean",
            "user": 49
        },
        {
            "id": 79,
            "description": "University of Texas - El Paso_USA_USA_USA",
            "user": 16
        },
        {
            "id": 80,
            "description": "Gachon University_Korean",
            "user": 215
        },
        {
            "id": 81,
            "description": "Centre for Teaching in Management_UK",
            "user": 50
        },
        {
            "id": 82,
            "description": "Kaya University_Korean",
            "user": 215
        },
        {
            "id": 83,
            "description": "Niagara University (branch)_Canada",
            "user": 221
        },
        {
            "id": 84,
            "description": "University of Sydney_Australia",
            "user": 219
        },
        {
            "id": 85,
            "description": "Kyushu Lutheran College_Japan",
            "user": 51
        },
        {
            "id": 86,
            "description": "石河子大学_China",
            "user": 8
        },
        {
            "id": 87,
            "description": "Vardhaman Mahaveer Open University_Indian",
            "user": 5
        },
        {
            "id": 88,
            "description": "University of Massachusetts Boston_USA_USA_USA",
            "user": 52
        },
        {
            "id": 93,
            "description": "University of Heidelberg_Germany",
            "user": 217
        },
        {
            "id": 94,
            "description": "对外经济贸易大学_China",
            "user": 222
        },
        {
            "id": 95,
            "description": "University of Texas at Arlington_USA_USA_USA",
            "user": 215
        },
        {
            "id": 96,
            "description": "Bengaluru North University_Indian",
            "user": 10
        },
        {
            "id": 97,
            "description": "Michigan State University_USA_USA_USA",
            "user": 57
        },
        {
            "id": 98,
            "description": "University of Rochester_USA_USA_USA",
            "user": 216
        },
        {
            "id": 100,
            "description": "Health Science University_Japan",
            "user": 59
        },
        {
            "id": 101,
            "description": "Southern Theological Education and Training Scheme (STETS)_UK",
            "user": 8
        },
        {
            "id": 102,
            "description": "Toyota Technological Institute_Japan",
            "user": 216
        },
        {
            "id": 103,
            "description": "University of Ottawa_Canada",
            "user": 221
        },
        {
            "id": 104,
            "description": "University of Halle-Wittenberg_Germany",
            "user": 34
        },
        {
            "id": 105,
            "description": "香港高等教育科技學院_Hong Kong",
            "user": 216
        },
        {
            "id": 106,
            "description": "University of Hannover_Germany",
            "user": 7
        },
        {
            "id": 107,
            "description": "University of Hamburg_Germany",
            "user": 222
        },
        {
            "id": 108,
            "description": "Dalhousie University_Canada",
            "user": 60
        },
        {
            "id": 109,
            "description": "Huron University College_Canada",
            "user": 219
        },
        {
            "id": 110,
            "description": "Southern Methodist University_USA_USA_USA",
            "user": 217
        },
        {
            "id": 111,
            "description": "Blackburn College_UK",
            "user": 41
        },
        {
            "id": 113,
            "description": "University College of Osteopathy_UK",
            "user": 49
        },
        {
            "id": 114,
            "description": "University of Windsor_Canada",
            "user": 62
        },
        {
            "id": 115,
            "description": "香港浸會大學_Hong Kong",
            "user": 216
        },
        {
            "id": 116,
            "description": "Howon University_Korean",
            "user": 8
        },
        {
            "id": 117,
            "description": "University of Texas at Dallas_USA_USA_USA",
            "user": 215
        },
        {
            "id": 118,
            "description": "Holy City University_Korean",
            "user": 218
        },
        {
            "id": 119,
            "description": "Portland State University_USA_USA_USA",
            "user": 49
        },
        {
            "id": 121,
            "description": "Pandit Bhagwat Dayal Sharma University of Health Sciences_Indian",
            "user": 220
        },
        {
            "id": 123,
            "description": "University of Lethbridge_Canada",
            "user": 224
        },
        {
            "id": 124,
            "description": "Missouri University of Technology_USA_USA_USA",
            "user": 59
        },
        {
            "id": 125,
            "description": "Nilamber-Pitamber University_Indian",
            "user": 30
        },
        {
            "id": 126,
            "description": "Hanlyo University_Korean",
            "user": 42
        },
        {
            "id": 127,
            "description": "Kendal College_UK",
            "user": 65
        },
        {
            "id": 129,
            "description": "中南大学_China",
            "user": 216
        },
        {
            "id": 130,
            "description": "Georgia Institute of Technology_USA_USA_USA",
            "user": 48
        },
        {
            "id": 131,
            "description": "Youngdong University_Korean",
            "user": 67
        },
        {
            "id": 132,
            "description": "University of Southern California_USA_USA_USA",
            "user": 218
        },
        {
            "id": 133,
            "description": "西安电子科技大学_China",
            "user": 222
        },
        {
            "id": 134,
            "description": "华中科技大学_China",
            "user": 68
        },
        {
            "id": 137,
            "description": "Konkuk University_Korean",
            "user": 220
        },
        {
            "id": 138,
            "description": "Universit├⌐ Sainte-Anne_Canada",
            "user": 14
        },
        {
            "id": 140,
            "description": "European School of Osteopathy_UK",
            "user": 224
        },
        {
            "id": 142,
            "description": "North West Regional College_UK",
            "user": 10
        },
        {
            "id": 144,
            "description": "Western Sydney University_Australia",
            "user": 216
        },
        {
            "id": 145,
            "description": "Trinity College, Bristol_UK",
            "user": 221
        },
        {
            "id": 146,
            "description": "Halesowen College_UK",
            "user": 215
        },
        {
            "id": 147,
            "description": "重庆大学_China",
            "user": 74
        },
        {
            "id": 148,
            "description": "Western Michigan University_USA_USA_USA",
            "user": 5
        },
        {
            "id": 149,
            "description": "Kangnam University_Korean",
            "user": 22
        },
        {
            "id": 150,
            "description": "University of Arkansas_USA_USA_USA",
            "user": 217
        },
        {
            "id": 151,
            "description": "Kumoh National University of Technology_Korean",
            "user": 75
        },
        {
            "id": 152,
            "description": "College of William and Mary_USA_USA_USA",
            "user": 17
        },
        {
            "id": 156,
            "description": "Maharshi Dayanand Saraswati University_Indian",
            "user": 8
        },
        {
            "id": 157,
            "description": "Drexel University_USA_USA_USA",
            "user": 79
        },
        {
            "id": 158,
            "description": "Preston College_UK",
            "user": 218
        },
        {
            "id": 159,
            "description": "University of California - Los Angeles_USA_USA_USA",
            "user": 5
        },
        {
            "id": 160,
            "description": "University of Winnipeg_Canada",
            "user": 80
        },
        {
            "id": 161,
            "description": "Swinburne University of Technology_Australia",
            "user": 81
        },
        {
            "id": 162,
            "description": "Acadia University_Canada",
            "user": 219
        },
        {
            "id": 163,
            "description": "Chungbuk National University_Korean",
            "user": 8
        },
        {
            "id": 165,
            "description": "Open College of the Arts_UK",
            "user": 218
        },
        {
            "id": 166,
            "description": "Takachiho University_Japan",
            "user": 49
        },
        {
            "id": 168,
            "description": "University at Albany - SUNY_USA_USA_USA",
            "user": 59
        },
        {
            "id": 171,
            "description": "University of the Sacred Heart_Japan",
            "user": 24
        },
        {
            "id": 172,
            "description": "University of Arizona_USA_USA_USA",
            "user": 215
        },
        {
            "id": 175,
            "description": "Jesus University_Korean",
            "user": 5
        },
        {
            "id": 176,
            "description": "University of North Texas_USA_USA_USA",
            "user": 88
        },
        {
            "id": 177,
            "description": "New York University_USA_USA_USA",
            "user": 5
        },
        {
            "id": 178,
            "description": "North West Kent College of Technology_UK",
            "user": 48
        },
        {
            "id": 180,
            "description": "Carleton University_Canada",
            "user": 62
        },
        {
            "id": 183,
            "description": "Veer Bahadur Singh Purvanchal University_Indian",
            "user": 10
        },
        {
            "id": 184,
            "description": "Chuo University_Japan",
            "user": 49
        },
        {
            "id": 185,
            "description": "Kyungil University_Korean",
            "user": 92
        },
        {
            "id": 186,
            "description": "University of Lincoln_UK",
            "user": 59
        },
        {
            "id": 187,
            "description": "Wales Evangelical School of Theology_UK",
            "user": 93
        },
        {
            "id": 188,
            "description": "Air Force Institute of Technology_USA_USA_USA",
            "user": 219
        },
        {
            "id": 190,
            "description": "Indiana University_USA_USA_USA",
            "user": 221
        },
        {
            "id": 191,
            "description": "四川农业大学_China",
            "user": 19
        },
        {
            "id": 192,
            "description": "Boston College_USA_USA_USA",
            "user": 10
        },
        {
            "id": 194,
            "description": "北京中医药大学_China",
            "user": 31
        },
        {
            "id": 195,
            "description": "Christ the Redeemer College_UK",
            "user": 13
        },
        {
            "id": 196,
            "description": "上海财经大学_China",
            "user": 5
        },
        {
            "id": 197,
            "description": "Mokpo National Maritime University_Korean",
            "user": 2
        },
        {
            "id": 198,
            "description": "香港樹仁大學_Hong Kong",
            "user": 88
        },
        {
            "id": 199,
            "description": "西藏大学_China",
            "user": 96
        },
        {
            "id": 200,
            "description": "Kansas State University_USA_USA_USA",
            "user": 21
        },
        {
            "id": 201,
            "description": "Youngsan University of Son Studies_Korean",
            "user": 75
        },
        {
            "id": 202,
            "description": "University of New England_Australia",
            "user": 8
        },
        {
            "id": 203,
            "description": "University of Missouri - Kansas City_USA_USA_USA",
            "user": 97
        },
        {
            "id": 205,
            "description": "Islamic College for Advanced Studies_UK",
            "user": 12
        },
        {
            "id": 206,
            "description": "Stevens Institute of Technology_USA_USA_USA",
            "user": 35
        },
        {
            "id": 207,
            "description": "University of Calgary_Canada",
            "user": 7
        },
        {
            "id": 208,
            "description": "宁夏大学_China",
            "user": 88
        },
        {
            "id": 209,
            "description": "Towson University_USA_USA_USA",
            "user": 96
        },
        {
            "id": 211,
            "description": "Kent State University_USA_USA_USA",
            "user": 215
        },
        {
            "id": 212,
            "description": "University of Tennessee_USA_USA_USA",
            "user": 217
        },
        {
            "id": 213,
            "description": "Cambridge Regional College_UK",
            "user": 35
        },
        {
            "id": 214,
            "description": "浙江大学_China",
            "user": 223
        },
        {
            "id": 215,
            "description": "University of Alabama - Birmingham_USA_USA_USA",
            "user": 100
        },
        {
            "id": 216,
            "description": "University of Louisville_USA_USA_USA",
            "user": 217
        },
        {
            "id": 218,
            "description": "Oak Hill Theological College_UK",
            "user": 7
        },
        {
            "id": 220,
            "description": "University of Memphis_USA_USA_USA",
            "user": 103
        },
        {
            "id": 221,
            "description": "Brigham Young University_USA_USA_USA",
            "user": 216
        },
        {
            "id": 222,
            "description": "Binghamton University_USA_USA_USA",
            "user": 218
        },
        {
            "id": 223,
            "description": "Andong National University_Korean",
            "user": 8
        },
        {
            "id": 224,
            "description": "贵州大学_China",
            "user": 104
        },
        {
            "id": 225,
            "description": "Ohio State University_USA_USA_USA",
            "user": 105
        },
        {
            "id": 226,
            "description": "Arizona State University_USA_USA_USA",
            "user": 21
        },
        {
            "id": 227,
            "description": "Working Mens College_UK",
            "user": 4
        },
        {
            "id": 228,
            "description": "天津医科大学_China",
            "user": 2
        },
        {
            "id": 229,
            "description": "University of Waterloo_Canada",
            "user": 10
        },
        {
            "id": 231,
            "description": "University of Nebraska_USA_USA_USA",
            "user": 79
        },
        {
            "id": 232,
            "description": "Jungwon University_Korean",
            "user": 8
        },
        {
            "id": 234,
            "description": "Hannam University_Korean",
            "user": 8
        },
        {
            "id": 235,
            "description": "Exeter College_UK",
            "user": 5
        },
        {
            "id": 237,
            "description": "University of New Brunswick_Canada",
            "user": 217
        },
        {
            "id": 238,
            "description": "University of G├╢ttingen_Germany",
            "user": 47
        },
        {
            "id": 239,
            "description": "Wonkwang University_Korean",
            "user": 8
        },
        {
            "id": 240,
            "description": "University College of the North_Canada",
            "user": 7
        },
        {
            "id": 241,
            "description": "University of Iowa_USA_USA_USA",
            "user": 35
        },
        {
            "id": 242,
            "description": "Newbury College_UK",
            "user": 109
        },
        {
            "id": 244,
            "description": "University of Westminster_UK",
            "user": 0
        },
        {
            "id": 245,
            "description": "University of Connecticut_USA_USA_USA",
            "user": 215
        },
        {
            "id": 246,
            "description": "London School of Osteopathy_UK",
            "user": 7
        },
        {
            "id": 247,
            "description": "Kyoto University of Foreign Studies_Japan",
            "user": 8
        },
        {
            "id": 249,
            "description": "Inha University_Korean",
            "user": 8
        },
        {
            "id": 250,
            "description": "Dongduk Women&#39;s University_Korean",
            "user": 112
        },
        {
            "id": 251,
            "description": "北京科技大学_China",
            "user": 74
        },
        {
            "id": 252,
            "description": "华东师范大学_China",
            "user": 215
        },
        {
            "id": 253,
            "description": "延边大学_China",
            "user": 10
        },
        {
            "id": 254,
            "description": "Mount Saint Vincent University_Canada",
            "user": 43
        },
        {
            "id": 255,
            "description": "北京师范大学_China",
            "user": 113
        },
        {
            "id": 256,
            "description": "University of North Carolina_USA_USA_USA",
            "user": 217
        },
        {
            "id": 257,
            "description": "TTI Chicago_USA_USA_USA",
            "user": 14
        },
        {
            "id": 258,
            "description": "Johns Hopkins University_USA_USA_USA",
            "user": 5
        },
        {
            "id": 260,
            "description": "University of Florida_USA_USA_USA",
            "user": 4
        },
        {
            "id": 261,
            "description": "Florida International University_USA_USA_USA",
            "user": 220
        },
        {
            "id": 263,
            "description": "Royal Melbourne Institute of Technology_Australia",
            "user": 62
        },
        {
            "id": 265,
            "description": "Univ. of Colorado Colorado Springs_USA_USA_USA",
            "user": 221
        },
        {
            "id": 266,
            "description": "中国传媒大学_China",
            "user": 5
        },
        {
            "id": 267,
            "description": "Temple University_USA_USA_USA",
            "user": 4
        },
        {
            "id": 268,
            "description": "Bhupendra Narayan Mandal University_Indian",
            "user": 220
        },
        {
            "id": 270,
            "description": "New Mexico State University_USA_USA_USA",
            "user": 49
        },
        {
            "id": 272,
            "description": "上海外国语大学_China",
            "user": 28
        },
        {
            "id": 273,
            "description": "Carnegie Mellon University_USA_USA_USA",
            "user": 216
        },
        {
            "id": 274,
            "description": "Lehigh University_USA_USA_USA",
            "user": 17
        },
        {
            "id": 275,
            "description": "North Lindsey College_UK",
            "user": 92
        },
        {
            "id": 277,
            "description": "College of Osteopaths_UK",
            "user": 216
        },
        {
            "id": 278,
            "description": "University of Manitoba_Canada",
            "user": 80
        },
        {
            "id": 280,
            "description": "南京农业大学_China",
            "user": 8
        },
        {
            "id": 281,
            "description": "Childhood First_UK",
            "user": 12
        },
        {
            "id": 282,
            "description": "Bond University_Australia",
            "user": 14
        },
        {
            "id": 283,
            "description": "Handong Global University_Korean",
            "user": 121
        },
        {
            "id": 284,
            "description": "Bradford College_UK",
            "user": 113
        },
        {
            "id": 286,
            "description": "Lincoln College_UK",
            "user": 8
        },
        {
            "id": 288,
            "description": "Brandon University_Canada",
            "user": 14
        },
        {
            "id": 289,
            "description": "McMaster University_Canada",
            "user": 31
        },
        {
            "id": 290,
            "description": "University of Calcutta_Indian",
            "user": 7
        },
        {
            "id": 291,
            "description": "University of Oregon_USA_USA_USA",
            "user": 217
        },
        {
            "id": 292,
            "description": "South Birmingham College_UK",
            "user": 218
        },
        {
            "id": 293,
            "description": "Louisiana State University - Baton Rouge_USA_USA_USA",
            "user": 218
        },
        {
            "id": 294,
            "description": "东北农业大学_China",
            "user": 5
        },
        {
            "id": 295,
            "description": "Kaplan Law School_UK",
            "user": 220
        },
        {
            "id": 296,
            "description": "Washington University in St. Louis_USA_USA_USA",
            "user": 10
        },
        {
            "id": 298,
            "description": "University of Vermont_USA_USA_USA",
            "user": 5
        },
        {
            "id": 300,
            "description": "Univ. of Illinois at Urbana-Champaign_USA_USA_USA",
            "user": 4
        },
        {
            "id": 302,
            "description": "University of Southern Mississippi_USA_USA_USA",
            "user": 10
        },
        {
            "id": 303,
            "description": "Chesterfield College_UK",
            "user": 30
        },
        {
            "id": 304,
            "description": "UNC - Charlotte_USA_USA_USA",
            "user": 217
        },
        {
            "id": 306,
            "description": "QA Higher Education (London and Birmingham)_UK",
            "user": 12
        },
        {
            "id": 308,
            "description": "Kumaun University_Indian",
            "user": 224
        },
        {
            "id": 310,
            "description": "Florida State University_USA_USA_USA",
            "user": 220
        },
        {
            "id": 312,
            "description": "North Asia University_Japan",
            "user": 220
        },
        {
            "id": 314,
            "description": "NJIT_USA_USA_USA",
            "user": 10
        },
        {
            "id": 315,
            "description": "大连海事大学_China",
            "user": 49
        },
        {
            "id": 316,
            "description": "Monash University_Australia",
            "user": 103
        },
        {
            "id": 317,
            "description": "Institute of Advanced Media Arts and Sciences_Japan",
            "user": 35
        },
        {
            "id": 320,
            "description": "University of Oklahoma_USA_USA_USA",
            "user": 5
        },
        {
            "id": 321,
            "description": "University of Pennsylvania_USA_USA_USA",
            "user": 217
        },
        {
            "id": 322,
            "description": "McGill University_Canada",
            "user": 14
        },
        {
            "id": 324,
            "description": "University of Utah_USA_USA_USA",
            "user": 135
        },
        {
            "id": 326,
            "description": "University of Delaware_USA_USA_USA",
            "user": 5
        },
        {
            "id": 327,
            "description": "Dartmouth College_USA_USA_USA",
            "user": 217
        },
        {
            "id": 328,
            "description": "河海大学_China",
            "user": 218
        },
        {
            "id": 329,
            "description": "Boston University_USA_USA_USA",
            "user": 137
        },
        {
            "id": 331,
            "description": "University of New Orleans_USA_USA_USA",
            "user": 13
        },
        {
            "id": 334,
            "description": "University of California - Santa Barbara_USA_USA_USA",
            "user": 217
        },
        {
            "id": 335,
            "description": "Institute of Export, The_UK",
            "user": 5
        },
        {
            "id": 336,
            "description": "四川大学_China",
            "user": 215
        },
        {
            "id": 338,
            "description": "Saint Paul University_Canada",
            "user": 17
        },
        {
            "id": 339,
            "description": "哈尔滨工程大学_China",
            "user": 68
        },
        {
            "id": 340,
            "description": "Nova Southeastern University_USA_USA_USA",
            "user": 142
        },
        {
            "id": 341,
            "description": "University of Erfurt_Germany",
            "user": 217
        },
        {
            "id": 342,
            "description": "北京理工大学_China",
            "user": 67
        },
        {
            "id": 343,
            "description": "University of Chicago_USA_USA_USA",
            "user": 10
        },
        {
            "id": 344,
            "description": "Nanaji Deshmukh Veterinary Science University[note 40]_Indian",
            "user": 10
        },
        {
            "id": 345,
            "description": "South West Ministry Training Course_UK",
            "user": 39
        },
        {
            "id": 346,
            "description": "University of Tulsa_USA_USA_USA",
            "user": 27
        },
        {
            "id": 347,
            "description": "兰州大学_China",
            "user": 8
        },
        {
            "id": 348,
            "description": "大连理工大学_China",
            "user": 216
        },
        {
            "id": 349,
            "description": "University of Wisconsin - Madison_USA_USA_USA",
            "user": 7
        },
        {
            "id": 350,
            "description": "Northern Arizona University_USA_USA_USA",
            "user": 7
        },
        {
            "id": 351,
            "description": "University of Arkansas - Little Rock_USA_USA_USA",
            "user": 7
        },
        {
            "id": 354,
            "description": "Central Sussex College_UK",
            "user": 216
        },
        {
            "id": 355,
            "description": "National Law Institute University_Indian",
            "user": 218
        },
        {
            "id": 356,
            "description": "Vanderbilt University_USA_USA_USA",
            "user": 7
        },
        {
            "id": 357,
            "description": "University of California - Santa Cruz_USA_USA_USA",
            "user": 217
        },
        {
            "id": 359,
            "description": "CUNY_USA_USA_USA",
            "user": 35
        },
        {
            "id": 361,
            "description": "Georgia State University_USA_USA_USA",
            "user": 220
        },
        {
            "id": 363,
            "description": "University at Buffalo_USA_USA_USA",
            "user": 7
        },
        {
            "id": 364,
            "description": "St. Marianna University School of Medicine_Japan",
            "user": 7
        },
        {
            "id": 365,
            "description": "青海大学_China",
            "user": 46
        },
        {
            "id": 366,
            "description": "Korea Christian University_Korean",
            "user": 148
        },
        {
            "id": 368,
            "description": "Redeemer University College_Canada",
            "user": 14
        },
        {
            "id": 370,
            "description": "香港恒生大學_Hong Kong",
            "user": 10
        },
        {
            "id": 372,
            "description": "Panjab University[note 11]_Indian",
            "user": 65
        },
        {
            "id": 375,
            "description": "Kyoto Bunkyo University_Japan",
            "user": 154
        },
        {
            "id": 377,
            "description": "Hoseo University_Korean",
            "user": 216
        },
        {
            "id": 379,
            "description": "University of Regensburg_Germany",
            "user": 100
        },
        {
            "id": 382,
            "description": "Joint Medical Command (Ministry of Defence)_UK",
            "user": 5
        },
        {
            "id": 383,
            "description": "Far East University, Korea_Korean",
            "user": 8
        },
        {
            "id": 384,
            "description": "Tokyo City University_Japan",
            "user": 159
        },
        {
            "id": 387,
            "description": "South Eastern Regional College_UK",
            "user": 215
        },
        {
            "id": 388,
            "description": "Iowa State University_USA_USA_USA",
            "user": 93
        },
        {
            "id": 389,
            "description": "Building Crafts College_UK",
            "user": 5
        },
        {
            "id": 390,
            "description": "Showa Pharmaceutical University_Japan",
            "user": 216
        },
        {
            "id": 392,
            "description": "Ajou University_Korean",
            "user": 8
        },
        {
            "id": 394,
            "description": "天津大学_China",
            "user": 216
        },
        {
            "id": 395,
            "description": "Crandall University_Canada",
            "user": 220
        },
        {
            "id": 396,
            "description": "Rice University_USA_USA_USA",
            "user": 217
        },
        {
            "id": 397,
            "description": "London College of International Business Studies_UK",
            "user": 12
        },
        {
            "id": 398,
            "description": "University of Missouri_USA_USA_USA",
            "user": 97
        },
        {
            "id": 399,
            "description": "Syracuse University_USA_USA_USA",
            "user": 222
        },
        {
            "id": 400,
            "description": "California Institute of Technology_USA_USA_USA",
            "user": 60
        },
        {
            "id": 401,
            "description": "Saint Francis Xavier University_Canada",
            "user": 224
        },
        {
            "id": 402,
            "description": "Selby College_UK",
            "user": 216
        },
        {
            "id": 403,
            "description": "中国药科大学_China",
            "user": 88
        },
        {
            "id": 404,
            "description": "Massachusetts Institute of Technology_USA_USA_USA",
            "user": 7
        },
        {
            "id": 405,
            "description": "Ohio University_USA_USA_USA",
            "user": 218
        },
        {
            "id": 406,
            "description": "National University of Singapore_Singapore",
            "user": 14
        },
        {
            "id": 407,
            "description": "University of Wuppertal_Germany",
            "user": 52
        },
        {
            "id": 408,
            "description": "Athabasca University_Canada",
            "user": 62
        },
        {
            "id": 409,
            "description": "Dr. Y.S.R. Horticultural University_Indian",
            "user": 5
        },
        {
            "id": 412,
            "description": "Utah State University_USA_USA_USA",
            "user": 8
        },
        {
            "id": 413,
            "description": "Mississippi State University_USA_USA_USA",
            "user": 8
        },
        {
            "id": 414,
            "description": "IUPUI_USA_USA_USA",
            "user": 221
        },
        {
            "id": 415,
            "description": "中山大学_China",
            "user": 216
        },
        {
            "id": 416,
            "description": "Kunsan National University_Korean",
            "user": 50
        },
        {
            "id": 418,
            "description": "Pennsylvania State University_USA_USA_USA",
            "user": 148
        },
        {
            "id": 419,
            "description": "Jacobs University Bremen_Germany",
            "user": 7
        },
        {
            "id": 421,
            "description": "Dongseo University_Korean",
            "user": 142
        },
        {
            "id": 422,
            "description": "Humboldt University of Berlin_Germany",
            "user": 218
        },
        {
            "id": 424,
            "description": "Tokyo College of Music_Japan",
            "user": 217
        },
        {
            "id": 425,
            "description": "Washington State University_USA_USA_USA",
            "user": 50
        },
        {
            "id": 426,
            "description": "Kookmin University_Korean",
            "user": 169
        },
        {
            "id": 428,
            "description": "University of Wyoming_USA_USA_USA",
            "user": 4
        },
        {
            "id": 429,
            "description": "University of Fukui_Japan",
            "user": 5
        },
        {
            "id": 430,
            "description": "Westminster Kingsway College_UK",
            "user": 109
        },
        {
            "id": 431,
            "description": "University of Toronto_Canada",
            "user": 6
        },
        {
            "id": 432,
            "description": "Institute of Education, University of London_UK",
            "user": 30
        },
        {
            "id": 433,
            "description": "西安交通大学_China",
            "user": 2
        },
        {
            "id": 434,
            "description": "Dr. B.R. Ambedkar University, Srikakulam_Indian",
            "user": 30
        },
        {
            "id": 435,
            "description": "Archbishop of Canterbury, The_UK",
            "user": 81
        },
        {
            "id": 436,
            "description": "The University of Notre Dame Australia_Australia",
            "user": 216
        },
        {
            "id": 437,
            "description": "Chosun University_Korean",
            "user": 215
        },
        {
            "id": 438,
            "description": "Intellectual Property Office_UK",
            "user": 10
        },
        {
            "id": 439,
            "description": "Tufts University_USA_USA_USA",
            "user": 39
        },
        {
            "id": 441,
            "description": "University of Wisconsin - Milwaukee_USA_USA_USA",
            "user": 215
        },
        {
            "id": 442,
            "description": "University of Michigan_USA_USA_USA",
            "user": 216
        },
        {
            "id": 443,
            "description": "Brandeis University_USA_USA_USA",
            "user": 172
        },
        {
            "id": 444,
            "description": "Sophia University_Japan",
            "user": 159
        },
        {
            "id": 445,
            "description": "香港藝術學院_Hong Kong",
            "user": 8
        },
        {
            "id": 447,
            "description": "Northwestern University_USA_USA_USA",
            "user": 8
        },
        {
            "id": 448,
            "description": "University of British Columbia_Canada",
            "user": 217
        },
        {
            "id": 449,
            "description": "东南大学_China",
            "user": 154
        },
        {
            "id": 451,
            "description": "The University of Western Australia_Australia",
            "user": 219
        },
        {
            "id": 452,
            "description": "东北师范大学_China",
            "user": 7
        },
        {
            "id": 453,
            "description": "合肥工业大学_China",
            "user": 5
        },
        {
            "id": 454,
            "description": "University of Nevada_USA_USA_USA",
            "user": 8
        },
        {
            "id": 456,
            "description": "Professor Jayashankar Telangana State Agricultural University_Indian",
            "user": 45
        },
        {
            "id": 457,
            "description": "Oaklands College_UK",
            "user": 36
        },
        {
            "id": 459,
            "description": "University of Bradford_UK",
            "user": 172
        },
        {
            "id": 461,
            "description": "中国矿业大学_China",
            "user": 112
        },
        {
            "id": 463,
            "description": "Brandenburg University of Technology_Germany",
            "user": 4
        },
        {
            "id": 464,
            "description": "University of Hawaii at Manoa_USA_USA_USA",
            "user": 5
        },
        {
            "id": 465,
            "description": "内蒙古大学_China",
            "user": 8
        },
        {
            "id": 466,
            "description": "Allahabad State University_Indian",
            "user": 33
        },
        {
            "id": 468,
            "description": "Singapore Management University_Singapore",
            "user": 222
        },
        {
            "id": 469,
            "description": "北京化工大学_China",
            "user": 224
        },
        {
            "id": 471,
            "description": "Boston College_UK",
            "user": 10
        },
        {
            "id": 472,
            "description": "Architectural Association School of Architecture_UK",
            "user": 224
        },
        {
            "id": 473,
            "description": "University of M├╝nster_Germany",
            "user": 4
        },
        {
            "id": 475,
            "description": "University of Alberta_Canada",
            "user": 224
        },
        {
            "id": 476,
            "description": "University of Louisiana - Lafayette_USA_USA_USA",
            "user": 105
        },
        {
            "id": 477,
            "description": "DePaul University_USA_USA_USA",
            "user": 50
        },
        {
            "id": 478,
            "description": "Saint Mary&#39;s University_Canada",
            "user": 182
        },
        {
            "id": 479,
            "description": "University of Colorado Boulder_USA_USA_USA",
            "user": 221
        },
        {
            "id": 480,
            "description": "北京邮电大学_China",
            "user": 41
        },
        {
            "id": 481,
            "description": "University of Cincinnati_USA_USA_USA",
            "user": 35
        },
        {
            "id": 483,
            "description": "南京理工大学_China",
            "user": 2
        },
        {
            "id": 484,
            "description": "Daegu University_Korean",
            "user": 169
        },
        {
            "id": 485,
            "description": "St Catherine University_Japan",
            "user": 14
        },
        {
            "id": 486,
            "description": "University of Bamberg_Germany",
            "user": 218
        },
        {
            "id": 487,
            "description": "Sangmyung University_Korean",
            "user": 8
        },
        {
            "id": 488,
            "description": "G. B. Pant University of Agriculture and Technology_Indian",
            "user": 8
        },
        {
            "id": 489,
            "description": "University of Erlangen-Nuremberg_Germany",
            "user": 7
        },
        {
            "id": 491,
            "description": "Worcester Polytechnic Institute_USA_USA_USA",
            "user": 221
        },
        {
            "id": 493,
            "description": "Georgetown University_USA_USA_USA",
            "user": 222
        },
        {
            "id": 494,
            "description": "University of T├╝bingen_Germany",
            "user": 216
        },
        {
            "id": 495,
            "description": "IBC Global Academy_UK",
            "user": 8
        },
        {
            "id": 496,
            "description": "Ravenshaw University_Indian",
            "user": 24
        },
        {
            "id": 497,
            "description": "Madan Mohan Malaviya University of Technology_Indian",
            "user": 220
        },
        {
            "id": 498,
            "description": "华南理工大学_China",
            "user": 8
        },
        {
            "id": 499,
            "description": "北京林业大学_China",
            "user": 8
        },
        {
            "id": 500,
            "description": "University of California - Irvine_USA_USA_USA",
            "user": 217
        },
        {
            "id": 501,
            "description": "广西大学_China",
            "user": 45
        },
        {
            "id": 502,
            "description": "中国海洋大学_China",
            "user": 19
        },
        {
            "id": 503,
            "description": "北京航空航天大学_China",
            "user": 19
        },
        {
            "id": 504,
            "description": "University of Melbourne_Australia",
            "user": 219
        },
        {
            "id": 505,
            "description": "Sidho Kanho Birsha University_Indian",
            "user": 220
        },
        {
            "id": 507,
            "description": "Naval Postgraduate School_USA_USA_USA",
            "user": 182
        },
        {
            "id": 508,
            "description": "University College of Estate Management_UK",
            "user": 12
        },
        {
            "id": 509,
            "description": "National Design Academy_UK",
            "user": 218
        },
        {
            "id": 510,
            "description": "University of Kansas_USA_USA_USA",
            "user": 4
        },
        {
            "id": 512,
            "description": "University of California - Davis_USA_USA_USA",
            "user": 5
        },
        {
            "id": 513,
            "description": "北京体育大学_China",
            "user": 51
        },
        {
            "id": 514,
            "description": "University of L├╝beck_Germany",
            "user": 218
        },
        {
            "id": 515,
            "description": "清华大学_China",
            "user": 21
        },
        {
            "id": 517,
            "description": "University of Minnesota_USA_USA_USA",
            "user": 43
        },
        {
            "id": 518,
            "description": "Cornell University_USA_USA_USA",
            "user": 8
        },
        {
            "id": 520,
            "description": "暨南大学_China",
            "user": 10
        },
        {
            "id": 521,
            "description": "Dominican University College_Canada",
            "user": 221
        },
        {
            "id": 523,
            "description": "Miyagi University_Japan",
            "user": 33
        },
        {
            "id": 524,
            "description": "University of Tasmania_Australia",
            "user": 224
        },
        {
            "id": 525,
            "description": "安徽大学_China",
            "user": 8
        },
        {
            "id": 529,
            "description": "University of Massachusetts Lowell_USA_USA_USA",
            "user": 0
        },
        {
            "id": 531,
            "description": "云南大学_China",
            "user": 8
        },
        {
            "id": 532,
            "description": "Central College Nottingham_UK",
            "user": 220
        },
        {
            "id": 533,
            "description": "西南财经大学_China",
            "user": 216
        },
        {
            "id": 534,
            "description": "Auburn University_USA_USA_USA",
            "user": 215
        },
        {
            "id": 535,
            "description": "Chonbuk National University_Korean",
            "user": 215
        },
        {
            "id": 536,
            "description": "New College Nottingham_UK",
            "user": 10
        },
        {
            "id": 537,
            "description": "Uttar Pradesh_Indian",
            "user": 7
        },
        {
            "id": 538,
            "description": "Kannur University_Indian",
            "user": 13
        },
        {
            "id": 539,
            "description": "London School of Theology_UK",
            "user": 215
        },
        {
            "id": 541,
            "description": "The University of Divinity_Australia",
            "user": 30
        },
        {
            "id": 542,
            "description": "Uttarakhand Ayurved University_Indian",
            "user": 57
        },
        {
            "id": 544,
            "description": "Yale University_USA_USA_USA",
            "user": 197
        },
        {
            "id": 545,
            "description": "西北农林科技大学_China",
            "user": 67
        },
        {
            "id": 546,
            "description": "Royal Military College of Canada_Canada",
            "user": 6
        },
        {
            "id": 548,
            "description": "中央财经大学_China",
            "user": 148
        },
        {
            "id": 550,
            "description": "University of New Hampshire_USA_USA_USA",
            "user": 218
        },
        {
            "id": 551,
            "description": "Dravidian University_Indian",
            "user": 135
        },
        {
            "id": 552,
            "description": "Luther Theological University_Korean",
            "user": 51
        },
        {
            "id": 554,
            "description": "电子科技大学_China",
            "user": 104
        },
        {
            "id": 556,
            "description": "Concordia University_Canada",
            "user": 88
        },
        {
            "id": 557,
            "description": "香港中文大學_Hong Kong",
            "user": 224
        },
        {
            "id": 558,
            "description": "University of Virginia_USA_USA_USA",
            "user": 41
        },
        {
            "id": 559,
            "description": "Case Western Reserve University_USA_USA_USA",
            "user": 79
        },
        {
            "id": 560,
            "description": "University of Nevada Las Vegas_USA_USA_USA",
            "user": 148
        },
        {
            "id": 562,
            "description": "Central Film School London_UK",
            "user": 33
        },
        {
            "id": 564,
            "description": "Education for Health_UK",
            "user": 218
        },
        {
            "id": 565,
            "description": "Kameshwar Singh Darbhanga Sanskrit University[note 8]_Indian",
            "user": 5
        },
        {
            "id": 566,
            "description": "厦门大学_China",
            "user": 8
        },
        {
            "id": 567,
            "description": "Sungkonghoe University_Korean",
            "user": 39
        },
        {
            "id": 568,
            "description": "University of Chester_UK",
            "user": 218
        },
        {
            "id": 569,
            "description": "Osaka International University_Japan",
            "user": 215
        },
        {
            "id": 571,
            "description": "Cheongju University_Korean",
            "user": 121
        },
        {
            "id": 573,
            "description": "Lalit Narayan Mithila University_Indian",
            "user": 14
        },
        {
            "id": 574,
            "description": "International University of Health and Welfare_Japan",
            "user": 46
        },
        {
            "id": 576,
            "description": "Seirei Christopher University_Japan",
            "user": 169
        },
        {
            "id": 577,
            "description": "Interactive Design Institute_UK",
            "user": 12
        },
        {
            "id": 578,
            "description": "Univ. of Maryland - Baltimore County_USA_USA_USA",
            "user": 220
        },
        {
            "id": 579,
            "description": "华东理工大学_China",
            "user": 121
        },
        {
            "id": 580,
            "description": "Kongju National University_Korean",
            "user": 97
        },
        {
            "id": 581,
            "description": "Punjabi University_Indian",
            "user": 65
        },
        {
            "id": 587,
            "description": "University of Ulm_Germany",
            "user": 13
        },
        {
            "id": 588,
            "description": "Bihar Agricultural University_Indian",
            "user": 2
        },
        {
            "id": 590,
            "description": "Cape Breton University_Canada",
            "user": 6
        },
        {
            "id": 592,
            "description": "University of Houston_USA_USA_USA",
            "user": 137
        },
        {
            "id": 593,
            "description": "Kyoto Prefectural University_Japan",
            "user": 8
        },
        {
            "id": 594,
            "description": "Shivaji University_Indian",
            "user": 8
        },
        {
            "id": 595,
            "description": "Kansai University_Japan",
            "user": 215
        },
        {
            "id": 596,
            "description": "University of Pittsburgh_USA_USA_USA",
            "user": 172
        },
        {
            "id": 597,
            "description": "University of Nebraska - Omaha_USA_USA_USA",
            "user": 79
        },
        {
            "id": 598,
            "description": "Purdue University_USA_USA_USA",
            "user": 43
        },
        {
            "id": 599,
            "description": "Gangadhar Meher University_Indian",
            "user": 220
        },
        {
            "id": 601,
            "description": "Bishop&#39;s University_Canada",
            "user": 49
        },
        {
            "id": 602,
            "description": "香港大學_Hong Kong",
            "user": 197
        }
    ]
}